Exercise Time,Heart Rate
48.072113667446686,83.5873783622872
114.33214523714035,124.36665869581755
89.17930330831159,101.20769014385945
73.84572568265921,105.92756500588368
22.9421436508802,71.2702820722184
22.939369838663303,64.31580940874142
11.679615399342937,66.48032977422541
104.61025676411755,108.89987009468436
74.128226350469,101.26733092017813
86.42834644654523,99.95105332676066
7.367216844017282,61.45269125593474
116.53963299862934,108.82211284458702
100.7309036920485,108.10392024977887
29.41899772800176,62.5901022308561
25.90987122881657,65.03542149697967
26.09151863314489,76.84783259729393
39.987857940346835,83.92292976342758
65.34698963770735,94.80078262777849
54.673677143843314,82.5019578562756
38.49135112277482,79.00711878067752
75.36308289307364,97.66352875108397
21.04179397498481,64.7290735415297
38.596634581550084,86.8153087996108
47.131611978774544,87.95261744226563
57.448048184959134,87.61920322333125
95.29523556019656,107.78204697507093
27.96248494821137,75.02315651384345
64.13696041756533,81.8598058666612
73.12767541913489,95.32795079696447
10.341797462799738,61.760977491410884
74.86765796866541,92.42572893485813
24.610274224038527,70.89963564758949
12.480933193307145,75.22889923090119
114.12183678413332,120.26513269840171
116.04768380357433,115.16794695287318
97.96569503339303,111.84576142347731
40.03058345493763,87.01206891039882
16.232293110734144,72.73931496993092
83.68679804889804,102.14155087404988
55.61753678005415,84.5740845014992
19.034397007149565,73.00831507164273
61.945344662796074,92.94009925850678
8.954679928250115,68.95330606426373
109.57184623905994,117.96178212793981
34.759697884001945,82.62761251859766
81.19006270070793,97.91885529255113
40.84677375028226,87.01035720331276
64.80782243544824,93.39190924118613
67.87168212447716,104.3121454253649
26.25826238543561,69.68319210226997
116.50223219292424,126.93093511228835
94.14027468652817,108.05969126057734
113.04237827988175,113.26409912186863
107.90514529917961,111.53314347931818
73.75849756327479,95.27751224066579
111.01553702765844,117.6285982458388
15.176637735970742,70.20249630816286
27.538029178201697,70.90051456940796
10.201138224711878,64.97879615105103
42.4129880377754,91.91784581194702
49.69788831429043,93.48666000764877
36.20513865399803,80.28418767536918
100.30481355247187,110.34242416707694
46.02663256976277,83.6134729184727
37.30746861404879,81.72132417067648
67.41004956319857,88.59106195560726
21.206285872097705,69.31626024893212
97.25265278671456,100.28340602396933
13.573324023173644,68.78277762461322
118.49199770905949,122.48197855304345
93.80814846911561,104.48814192306094
27.852303376429827,81.79608550466507
5.635043469214276,56.68869341959544
98.77806427230593,102.06715773510386
86.28859454247596,104.26655636403784
88.83582432471354,109.65340367541754
93.69608986888376,115.26768339173121
13.515134949420391,64.4631461603655
46.22355878259135,88.50518355845215
18.324941845389915,68.96992857519142
104.25689397569326,111.26531048814253
76.67928458516916,102.75794198001795
43.053272858054655,84.78825082109442
12.309210282892717,58.272644356525106
40.762966997301156,87.76418524728007
42.39608203307591,88.09849778727522
88.90471050887737,101.32454174689104
78.31910920584951,101.13857227011181
107.02946539627756,115.98488362955247
59.30471639362417,90.95572702593162
18.753338282904696,66.62514337222525
87.02315053064443,100.15345842563197
92.4902805909432,106.11736994051438
69.54687772049206,100.63708395654285
93.66122569477452,109.54861362035942
61.786493581904935,89.04017513052194
65.11427537892932,96.4156312427064
54.16721711123321,72.84089545246623
7.923199575570947,69.705428289646
17.40751410423001,60.00518815822451
8.614356353974438,62.49497346997156
78.18719729533474,93.49524917453664
41.15093782377757,74.10206153328426
63.48562948394082,97.546948678863
109.3701445015007,112.3465662441909
33.66860635212062,78.56682258471388
52.19403614909742,85.8624151801528
91.8883809324506,108.32939460234091
31.311789031536584,76.04000397106957
13.852689630311193,60.51138369421275
38.321417085083326,84.14204263977737
23.54044803421051,69.30144110129869
111.9152300193959,108.17470551639919
97.93384364990796,106.8263460201244
77.8414319986987,106.4245149525209
105.21796787158753,116.86009264636122
97.42228884339816,106.96788374965979
26.45555677189412,71.48148986435491
107.64428482634744,112.21396715708681
67.02435782029983,103.89591882795412
97.8556178438672,110.83748618309137
108.05049949120172,116.1754579815562
41.570399621764345,85.93661708104139
17.655971320682827,70.02193145547398
31.212543692323294,74.31106111705813
54.11739569201948,86.07694860058484
99.07169808108671,109.17784274347304
103.9840170744795,111.80589735469053
5.799495011086931,66.53789522372837
63.73593979642006,92.12769932724653
53.00226536210958,90.16433306713269
30.542398204133978,74.86761620152407
18.78451724337352,69.78543457326722
43.825744711417215,71.92186893304806
113.4346159499397,121.29894634848226
42.16833718238685,82.81661097068339
64.6609215004871,97.32051129954182
85.84718027294545,88.44231324550428
46.817404273618806,93.85057566071305
116.75493951291048,117.67952161567938
115.68143891834279,123.38163354285898
33.95496401991688,71.77795237433078
62.18357817762433,94.15565861412502
39.60100562892851,74.53342499859598
37.75665685340878,75.75948362322536
9.241998945771272,74.19115624221958
75.09989840768813,96.59653720002733
62.80808767131907,92.49120820155815
10.920056393748775,69.81036685031816
37.04434338721032,81.00058113346819
109.45057688616518,115.47738296880047
32.54961742670183,78.09961372568205
21.662910290490657,82.8485330714367
61.287067431919745,90.35543973079194
118.34980222271908,120.18039634493437
32.83635622382255,81.67145009194934
82.29558795167604,106.67542364062794
92.58625576280252,112.22827940920317
32.32831755912596,79.3578098897089
88.74488009036385,98.6574154815295
47.295060262714124,91.81468779286254
77.71517051826164,93.12585829403737
77.8559167375029,100.44113569494661
66.61408866859722,89.53566508420182
15.383323556256954,67.37097004516352
101.05978699276237,112.17370554789859
41.889707471749624,82.55163981312619
26.449628695983236,75.33441811916803
9.68914127879785,72.91312698469216
72.95268846664781,98.74401574089381
82.91990161186247,100.239167629478
6.907600326703458,68.27423600479352
63.89070170441731,97.89270329683187
31.047014147762866,69.38546799819648
79.19487089708673,102.58443579779265
25.052139335574015,76.03193337934151
84.45783988178358,100.74110242409182
49.4745648245618,91.61581647883901
112.72394870472446,115.6116964171996
20.814908576789225,71.03533655575234
44.222630370779726,81.24595606397051
18.049454942667744,69.10262270924122
111.33976610203472,110.18850761654136
105.89402563881282,105.74675840643494
34.663287187242894,85.30416890974631
80.89816529393059,96.21427590537365
98.98055302313982,104.53331476428836
68.84809333393817,83.6570960989505
65.90981651094074,89.76009951702287
32.813013453551946,69.79105775973848
15.70681829767841,76.06348494952105
108.17981216463258,119.13899152902945
108.548076573783,110.8332865610029
77.80666758642582,110.16551281993445
43.98842597060058,86.90304042025826
45.159101080456004,80.95539362268488
88.48490307007752,91.7454229606709
108.16767989454637,125.53855281022689
107.01493879048849,106.55960706142626
94.68568777362674,99.11585015202891
78.8336393077431,104.52967181391976
14.676095974430616,79.53681001891167
23.587302120880583,78.71501515299289
108.33373168061411,116.98641144056886
74.73934186085285,100.34344263875285
6.057660935912409,67.29590826185775
16.669227429593693,72.12925666373067
81.30270344742642,102.0573088435601
5.582082142315149,63.31204659091695
23.492925913012346,71.43349731700857
68.1043857771574,90.28236994424532
84.56794773465973,100.88059848299599
79.97554484279907,91.52298835042261
30.790970587964374,74.90378716000843
86.90061045496662,98.50734969172872
32.28364506213201,70.62387594498715
42.42096528831579,82.10995339992529
90.84651158857278,112.3832672260094
79.70778339042968,104.4454747252264
102.66069220683046,103.47784308529934
80.6254826145395,95.36460062441806
70.35548938357924,99.8816006317307
15.772598300230635,62.97386218242377
47.28731735183486,82.52049292593232
35.49827228339843,80.49939663682197
33.05880898859461,71.68768221997914
116.89621379653124,118.97498442899543
50.206238336677444,78.4329916937477
107.58535384536803,110.78583870292796
77.58094198968523,100.38938066555531
96.40329990728956,100.23668128598645
62.80326570709709,93.60400654335055
71.3439467320313,95.57378437138225
61.639534789169346,93.58221716667042
27.452943596775118,74.84604246871088
88.08199325507312,110.86169877740578
37.28882168069842,79.27053335358875
7.796336139617192,61.75114036418233
79.2293140293243,100.22614452982357
25.36772813181063,75.40035421108725
113.15273720058515,116.82066895192109
114.70178635529754,117.55385163366819
110.20940487535158,111.59474399864202
47.56825052937611,80.46962067693332
6.777510900819754,56.37572909141141
111.75663469758842,124.6262010647289
54.241177056491146,80.90127235128915
116.165304190022,114.61812610603147
115.81629736526408,114.31611235478604
103.0960873787464,116.02266557409541
38.861622588002355,77.95606290254103
49.28623878922141,90.88182975797938
102.88071722443854,108.07290549099993
41.44603059297193,82.11798610760498
24.491665868900636,68.06909766815153
69.03214518271027,105.24181823022208
112.6577990284898,110.39090741909735
85.04342661762189,104.07081685994608
70.55703456027697,98.44740168479898
16.17529678363838,70.15664387907668
75.72583107040452,96.93647724081372
118.85619276199027,118.778992882328
21.109661752200264,70.77388823599567
64.60791002182972,91.56894500277242
105.89790327171488,117.768347219832
90.18839104173351,116.14681052882351
85.15681021445582,99.79094618218873
85.78566965851756,96.0438199313634
46.34148239027184,82.72933095337964
38.76306209041674,92.28007773347996
98.07653288002906,105.01989360016587
98.16304038810578,117.27710422127323
104.71331663671192,120.74516238873815
110.0226635439942,112.24339056345714
63.80437586900785,94.7471033304303
62.674373889027954,99.47917006015666
96.80394558117914,106.50633408565213
79.745852039443,98.85502421920968
85.72619088463588,99.95469087257473
96.51615698515162,103.18429483911147
107.35061430902013,110.42891942918003
43.869443037926615,75.81502018515202
48.19203955359356,84.26643711809291
15.807923081699935,64.05409538555675
71.50221621456001,96.92003766623374
9.13336148662534,56.787202512294535
58.543772085232916,90.92628720368874
67.40413299137131,97.86971130373028
37.952243994752706,69.00744378451907
72.94582496543623,98.34319533195598
8.507528742990685,70.3921093338618
9.295041706159658,58.5993157596238
99.5990644758607,118.16239417211887
46.42192376229523,85.30605692797783
19.61195895496675,66.28092019869133
65.0579749063025,92.25014206486271
93.54925860634025,109.56626386577872
29.819418162136966,75.28973603813054
76.63240471918503,101.00998232182437
14.81495847428332,62.80411127174483
10.943397934389886,66.31850308737533
66.10578263033702,85.9843188306436
67.17303898516225,93.03038918583762
78.30443867229376,94.63268112882294
88.50050337810607,100.57260197610421
117.22298913819148,124.79196044514792
64.37454005463746,97.64382063029008
42.13999438824329,84.11568779865752
96.44641239840092,102.76164237583757
36.14570889513853,76.49081219909526
55.481713381148154,93.80634519047
14.022483854360585,67.71982649537982
7.915335492777614,75.55431544629728
115.70456768796139,119.81887304095255
101.13771385890367,111.529102511902
85.03703370077527,100.97293452937514
52.02958860764104,86.68249882773193
24.928846808147263,71.7020742221709
22.990259907174895,75.0356733370304
33.777933288928466,81.67247822843716
68.16106644120386,90.15058591806218
87.17853111050717,96.93310078746468
80.92269832253909,91.28032229575305
37.192398148783425,81.13615570895442
114.80950727626733,111.88792060726429
89.85814542001337,94.16461974524428
68.75071603881108,96.31825104206035
75.34788581695051,110.1389404956392
53.25400717919584,86.59664903189845
33.48906379263311,80.93698576857477
45.93685804489508,83.37757581518537
92.15230270340246,105.58170308574552
6.655251192421925,67.9230080111498
18.348353658295366,67.72280410820443
10.290303832501566,66.4821134866103
9.683812266681565,66.45039516432085
103.37796716126583,108.34853131241766
85.92065382870273,107.92053866203398
59.5299903450424,88.89019638904415
16.25092847486517,64.34673843996836
61.53582563843572,93.45046203706987
59.449253639765054,85.23228691092734
24.918215039651745,72.60001330667151
54.8929396623669,87.40087484796243
50.82804445569795,90.84350005700686
75.8227612760049,100.28487180240221
78.03576984977904,98.89275013116381
10.209961123785119,69.193812057894
48.08045068204419,90.99126308610866
76.97389030713718,101.27599668532791
62.860669736710086,91.48209796757195
103.49633173665705,105.18898470657773
80.74976763617867,95.04931550271246
23.737459114364412,70.34260603540886
13.115405951049432,63.510141964728305
78.8782169937263,98.50425198193592
8.048800712286509,64.3076499806288
72.36419184644828,98.83055969500779
113.12647776387013,116.2107449916396
71.17953045572608,98.02227344699405
49.63954151375002,85.14214283092562
78.97814512087062,89.61173972866597
57.69908240652441,84.15286423416843
67.74593077133252,93.15252760705819
113.26845300930039,110.58575279044466
49.401803347089036,87.70054532352555
115.53691483975014,125.42221158159354
109.11532382494732,120.65147117096025
27.51598050076909,72.69077589573351
12.976549600644027,73.94190548457178
16.589470158404065,69.03807236521259
7.095509949928219,61.86232511937391
15.860940486931765,64.86345692576118
83.54577894288104,100.26054103899988
13.186694572926333,64.65246319375703
41.68219748378255,81.69317985376871
102.16066076148728,111.88320028599297
7.676272609619975,63.853366405577056
98.66387549772762,111.51662859759556
37.41329909894099,84.6598809234022
18.58895517649047,74.04224826545185
85.12477401687732,95.13789716618915
77.32842737968666,85.89460801533356
105.90928155561109,117.6262403340019
89.53317003744687,97.93219152664632
97.40030699425759,107.57632648766538
37.433975845700246,72.86642279255332
25.405547534668123,63.69287157943397
91.3206964386987,108.36766186037329
97.78599501573537,112.6887733093809
118.90809133007743,116.57149366140511
52.451032844814044,73.27030496168248
47.782079866170065,81.15981769182262
94.28749048532964,109.10276526967755
44.19240712909705,74.70164572067787
112.03709244440995,116.93534582110075
103.71746646194636,111.78218398510819
54.33431314812711,90.063614072069
91.35017279602219,106.27298824008187
91.77243051973846,101.02087055546146
16.85924491613225,74.41247996638857
108.79358426815017,113.60414426894023
63.10402283150357,91.41548871820213
100.04260860239029,105.35496450582916
41.80570411852035,78.68644080330262
107.98517127706306,109.56857206839702
49.75819305442876,84.01436622759726
6.246329920234311,71.68170736082888
109.11892728821532,107.69995792945089
15.49796783040536,59.68117692581898
41.72106832289771,88.21638579891689
114.25712621084257,116.08194471966195
114.31982189781895,113.81454725560988
70.9453571341779,100.67220200406933
77.66127939952692,95.80256200107914
56.57123502750677,97.41566608148806
38.71923874527742,82.74924872933506
42.79642271754034,78.95865431804165
82.33962244885942,111.95635229075722
91.5230708853332,102.7329608276499
96.03159002847258,111.72627187428283
95.80608642137369,109.39950611271931
15.488701850599393,74.25305737229368
61.85833504079687,98.7367235040327
11.619257401914092,65.96964944628589
68.19582146722959,90.33082138188388
55.77600765793836,90.18786454366476
107.08598101720447,110.1544136598417
45.35522644348905,92.74454945937764
18.462706889174676,69.91403010000103
21.44404343607612,68.89541396147752
92.57372264750931,107.2102628530792
76.09507728137002,91.31190719303653
16.629107754120877,63.45648368450718
14.672282703224704,73.33821089133448
85.6114501177988,99.52125366404242
13.367745731882255,61.44931795253143
99.51390681839096,112.44021717183192
86.21785612299706,109.03744883481352
14.355109773818473,70.77232144023456
14.75633711979707,72.35840698892763
118.46355152763518,115.44780032097027
48.04114151195384,76.9115174222677
47.62384691269246,91.31859171612365
98.47195023461279,107.62257592309572
113.93358639914375,115.71262811729663
118.39012233963015,125.83603187906037
91.63849130477828,108.60039569939244
48.269852336055315,86.4143650284357
14.602582420346907,78.12630293467888
94.37189533165522,103.96835651392689
69.21648871961759,99.24744500021498
53.785531063402274,87.17783115618657
109.23075428589463,115.95833853726361
17.787710465207404,76.53619736466635
61.651886993448805,93.36512227817252
6.305669148253193,65.84431496937476
58.89597382932452,94.81052360121127
11.474876703411296,63.91267470399122
18.66406037082827,65.13598184871911
18.515518379367062,64.03371321957836
79.65918474334731,89.99780942479364
90.79516111552368,115.67861620746345
72.08740798617336,90.52766216447827
115.64984307457232,116.7186534193573
48.110116645225965,82.67099182316838
37.856889922413984,80.46547845025249
104.88889974178794,116.52313593359045
30.713521429737053,79.65912815666725
115.7705920356703,114.96990882499045
6.3977645893288795,62.363273725732384
116.53606507137849,119.68093228813075
9.963389874316253,63.73823930624039
107.48145807527817,121.77745691773904
65.68562754492449,95.2976885306535
119.19095155371954,123.26986470710887
13.48660494457087,70.0577088156225
68.69324270615189,100.21399064050257
116.46979159619639,119.14000359161673
65.15625207956711,86.09396630000433
77.3808433855552,100.6888614515408
85.01109923323098,99.24876514765636
57.272222448293924,85.99302781539818
77.16917920966729,101.51640969860911
72.19614587115653,102.28948829274646
108.63317120646373,114.42294348691216
10.226333739267655,66.65733193262865
37.31076680310649,87.16645812472944
114.29732066880426,118.35242623184497
107.38033514745537,126.69858314462965
57.40052657035699,91.52781151333622
76.31524874717672,89.35381057780927
36.89883604283026,82.2161261269378
26.63393336823255,75.22275860853017
58.325316568097946,95.61142205446271
45.63550622299607,86.18365986784782
72.12045286285029,95.36794651150628
13.939483250973256,60.848250444039806
117.05540288160914,117.48258515437445
118.41423561515433,114.95451553653066
85.2885971122707,99.74168130711172
66.65108212957385,96.26843308688998
40.59567587292769,88.64736045822087
98.5864272662991,111.26657128226445
83.74408484369611,95.89262711167213
23.700948024662498,74.07348735343196
109.75662621679189,120.8614705416242
99.59178293616444,106.7469769464853
114.22699002857127,116.44340918092104
88.45774346466139,104.30231270597669
75.54274753261583,93.84688220089672
53.09794917342117,89.79037675592988
112.26377558571153,115.52714704981686
104.59734729254696,114.39633586580861
10.200147062211782,60.66261264209539
8.03220206718398,61.82880953197494
48.293287190975704,87.75855038462672
98.21363303991079,107.24265075949657
118.53675487121862,127.90319669177633
22.297942476905742,69.15079031037986
73.32503226549554,97.7859397615072
48.80244851256747,89.0641784156492
116.54015574867937,111.17824920967452
101.84367616060649,102.11779402039937
101.40780104178086,103.07561894803996
58.89971337642158,95.7627772053467
52.7042427688315,83.59283065495352
36.44181327203122,91.01190306435687
11.483182114856618,62.920353064141366
104.44307326933112,113.14429315065075
98.48361604995893,116.95235778781884
119.96753242790501,130.01423065474813
119.61323626349912,130.11413601493155
68.87464614430216,100.4791542251168
93.4335527457587,111.83708900193666
113.64805893647922,119.78666421424553
102.70944992790231,115.24653034478435
33.44503170046773,73.9665872685912
56.812575560660754,84.31529336321884
19.853332742421923,69.90979408415619
114.71586813475307,116.50701095475189
74.7100829618512,95.08890123428921
31.293922632898212,79.12889855373268
82.24557870667353,105.89931539618932
76.08474765265802,98.48440825778825
46.188712573776655,90.48200669216463
18.059123102957336,63.32111598081114
82.23091749317196,100.14716145018738
64.83538560393623,88.83358119895409
93.81661504959852,97.57562443943395
64.81880262787924,91.99599788472611
103.00087253663212,110.89169872639965
68.46928645906584,101.80189194574358
69.50786672656942,97.9079917860586
105.81516430570967,107.78664803120881
51.40052961442566,94.97072763888377
20.411751271823686,76.3110441135386
8.310007776033983,67.06549240536008
91.84078440246618,104.78797170698392
76.33559840564844,93.37060301920683
85.96917333141072,101.1235527853501
29.490878573524736,80.18918238528329
20.68271969247852,79.76429137591231
6.672636551806422,71.05253591726415
45.31756926275865,80.21453752244796
72.8405339882828,90.82217982769635
50.10806518646922,85.75846382779064
55.30961603272884,78.81261118855016
108.97824986678107,116.10496350431445
45.04937870767954,81.78667642234642
64.10879125337824,89.7242131173479
95.12009646523146,99.58653289628175
50.602419966946066,87.86921051632162
76.53997052620545,95.60648106479317
104.1718265058757,106.2363290743864
114.19487172062884,102.73612479390617
21.913450306839362,70.8191506281665
111.55757689357186,124.64004643013466
61.59337370414689,99.1029829248128
34.69810465438021,75.06357104425875
57.80061196740005,85.88924568189113
117.70374615782985,121.19574435929005
61.65108080918,85.83361320864854
42.80643518306344,82.91217709062906
77.84109824642346,102.75095051513517
32.6167461594922,82.44303919916764
13.72428273249635,66.36137098384842
19.82116801972466,68.8922152589775
19.72527148014383,65.4727228062891
22.46880975391385,67.10000310675763
20.965124854682166,69.35016796783344
78.70059565236969,101.18712536026574
25.916209705901654,77.52602798411708
44.75173758224427,78.3599740377204
108.13066713919136,121.52877641439329
59.50558863023032,88.3971763099023
81.76913992991813,100.77773349321689
24.81678518818743,68.67233419835459
27.113237162997137,61.43541728013386
9.699890870645069,69.27017241712778
24.427532253298924,75.89798561211163
37.03788898867524,77.11230670874654
25.356205691825885,73.0130564320373
15.200791382061395,70.18009177955119
18.873125176569093,61.62383330385183
57.98955832376346,86.34951577515025
28.728377616666137,78.3355122064422
46.89103402052868,77.1740698944181
62.892986148308545,92.91428273498742
84.395405292377,95.41479362307147
9.520896081726377,67.09259795303083
96.9321958745399,108.28789052578253
77.20854479145439,90.52861331619965
14.40228867412027,73.02484110934599
105.46154177227938,109.05781300214943
110.90032606115852,111.39890084550736
12.023965383309331,67.01482867780938
36.84092953692843,84.1636515156078
97.71314717620206,103.77746449320904
91.04986439412072,105.83333144630022
26.21991722598339,75.25404111464455
29.075172183721683,78.00311412817656
47.60429182100893,84.68435368689059
60.72014329696745,88.52493245306711
76.09929872598403,93.91169825974842
47.425068550523825,84.1432536904938
58.19149235531201,83.73505111772796
90.959157885382,90.87282652521797
9.218568332418759,66.79208318699771
34.030248599562384,81.53479850521217
87.03520237672353,91.70293901065257
107.94878633402793,108.92573964346428
63.8429058433016,95.01722422667679
66.1930508055113,103.38400275131414
17.324781304074246,68.76635919041416
56.452422184697284,84.58619638620297
66.25098564232766,92.21101061563964
32.88410791799391,83.31643605473788
35.96297155917881,74.75166488396673
48.38767875703161,80.19787934526454
7.308187744438532,61.2403762613091
42.0391040420655,76.25290897973919
29.316520804602636,75.2716119822753
42.662195500460186,89.4544900425779
18.77264515921389,71.00171894518708
107.41063728508792,112.44355113191251
73.26313215871559,95.17250973478008
83.0967667016163,93.73242930732486
95.75469243984391,112.29289510565775
62.320852876841585,90.77124045335678
14.995833130053725,66.59551699707373
66.767252309133,109.3491639937908
72.4867285724011,97.73712882802897
90.72553953119795,101.60381451512306
54.64084781641313,85.18863592717885
19.67173482148983,75.57809595672869
37.634229166853316,79.38346663611549
46.75446408584303,76.18584215133468
79.28048275313414,104.2363860494431
70.63950503692487,91.97903209076746
45.95112347825232,92.3420506202139
118.44925361119266,124.62486713416958
74.66410422604203,95.09544263472725
32.28108104963937,82.54562233349525
16.70498435134643,68.69176972831023
22.578801006198184,75.55326887871018
33.28513876421844,79.06623346858159
23.4783579248489,67.50739568747008
26.455207765900163,70.00985472136277
37.78594439979241,84.04277628780201
24.937963458896803,70.7951050689157
108.12802383203889,112.04576959980946
14.226880751088855,62.337827478797664
65.31880980057929,94.77740022825695
52.19563510381107,96.41044214812126
117.97354094448974,113.64910590097351
17.88447374932602,69.0633341580268
50.75339389026029,92.4377997222073
116.48909982666741,117.84634295710514
104.53331947780774,114.52851872015253
98.96328815916719,104.1696764388492
34.65882511016808,79.47094804112228
24.652072549857568,71.39031494990604
81.89397029130956,105.8756351240541
111.87823874967236,121.87604963265994
69.02773269660193,107.46168455839404
70.73545928903849,98.26589551058713
37.19759577093268,80.22777946837718
93.49168731707275,107.71776516642305
26.510031084115187,71.48918407800414
42.223112186488024,82.80397531055247
53.92519044088793,85.48558816974882
63.375193548712325,92.52990165570424
32.87711922773423,83.02654729190691
18.206234845008407,64.07040459610599
75.22130488078774,103.3100452460391
38.19251362262941,85.68183214801402
71.84239546360041,95.33085509684481
22.751712256533267,60.76658163322366
60.33111171330401,87.12644592117984
66.24778474343238,99.60886510452173
10.959706734579095,65.36551305579513
43.70949199230087,76.85823483467587
20.457687847982037,67.70496931784993
12.28812160436829,70.3471609347069
118.8454267248437,122.15638120342875
42.07069217209314,79.8406855901981
98.135561273283,107.23365857756806
34.28367529783284,75.18304690369732
83.37281305575186,97.07435560538342
92.42620388731396,114.28998039100419
73.49845516990209,95.13762523889434
59.231261683268215,95.70142344576158
52.36170512693588,93.7874328230802
45.11985065244446,87.55147981696203
111.89585158849997,113.78982423065975
100.52123189558885,112.27926639947748
115.97809472664895,117.8680693313699
19.294180700837643,65.12858104676818
89.04975964841908,106.14667623281755
112.90915253441935,110.55937731141066
25.841802609050916,78.85929824683328
12.647070747179413,64.00044888709775
90.2288746683568,106.1202356135426
71.06440801568986,96.94864336557565
101.81030932720128,109.61062979508026
21.073823312023293,73.47038066338803
96.45574086388737,105.85335214883106
28.187141805490622,78.45005739003153
23.82043342955602,65.18031831354428
23.89056676206419,72.57718127876416
98.67609282660894,119.0326914085959
81.49768038006302,95.74718356700363
65.15252384844872,89.1875370716001
46.265505674202785,85.70229208539597
105.87806219350745,113.83694000645171
50.13118735360307,86.81874417316934
98.90893553923136,111.90040342035401
55.50051448557512,90.9238645855964
48.34860938386437,89.72280390171329
58.20817535200474,91.15318096064493
39.65845552887634,78.62293949134546
90.97507872026888,108.85040786614809
62.8128448606351,100.90583210479362
31.70445994188399,75.18906123902913
108.45107592657537,109.35289143993447
49.14749045791931,90.10914857539451
67.50857902810868,93.15238369428634
109.2442927609229,103.75879865039127
76.78736953010909,102.63079315080665
18.44327468146187,66.54499641096132
113.08069421554964,116.08768069625401
77.18642610321305,100.2531147044516
43.514145685564905,82.70957124167778
21.016288356289536,74.05540326383996
96.31289676608404,105.97901653019281
76.30836693177905,100.71971245676994
66.34802557727697,91.8762794007189
107.79764705086014,117.59287592986757
95.68867929082104,110.92117706547577
22.442611169266385,66.54411207441022
40.84803779648804,85.85392947911917
33.57625107866356,74.10830831376154
90.55382364585785,109.31720081433465
8.85622999461463,66.26455156431402
70.5373137602014,104.45957526407632
92.68274886017942,105.22404451823044
105.82804822760119,111.16744013320961
44.33940110232936,82.07260252172601
99.44459003728147,108.20639610446936
17.72264974984883,72.86103438463468
102.3420135494696,103.08945373255185
19.661196168177977,64.56218598835721
50.68803841444223,80.00500459932516
96.68896706464866,113.09602149219221
22.240504145108986,79.67331893546412
31.36391045175377,75.15970913318954
88.05904536520262,103.18541406665126
87.80420170279855,104.25236166696517
78.73197778180919,105.17538040394554
84.8040711137165,97.76526988590538
67.41331098497356,94.89850040616071
33.956891774299564,81.85443403606192
44.75503925295074,84.88299047617458
25.88373743216395,73.88977679907569
109.47181455336725,119.74113773951935
72.09005639810385,82.52886673405574
51.097912927818584,88.93833306156382
58.13066741907526,85.7949552939005
113.93758405535876,107.81562754339708
22.635411358349224,73.87371867679951
72.41643068193169,103.07650806678062
63.17719807171359,90.90135646271833
75.3172370749845,102.42299127350695
7.082671139396658,71.60272685964155
105.29424952857742,119.22169703220895
112.19360248561543,124.29662388966469
69.99031611275903,98.70579551173898
85.1148447458426,102.93459056742927
111.087428835389,107.53388535820866
86.33244294604084,101.93590903237067
22.541989935140055,67.05476199098908
71.27316141918351,106.49129429708083
74.77223033402842,96.50668610485253
53.77502719977439,87.50353763380963
89.69108709684312,107.6029704286239
112.45220669843671,116.44411558108064
111.44037898427928,124.1954446942934
56.84652771147519,85.31001704706533
18.022375271686855,69.98422491202965
118.25673788066848,115.416016011844
101.47327994128243,104.1365274145377
19.336208338375688,66.60925871466142
110.89681650099782,115.26322426525685
105.03808163714476,110.37252969598607
64.6663765694983,88.87108338537988
72.99667511066686,89.46675023697425
50.88531094506498,85.02712760938903
11.297588464533604,58.12519236211178
43.5476827892786,85.57412121308732
97.32814658877132,109.07627205905817
5.532682645529329,55.47858382544001
43.35240474448158,80.13015698699148
50.78939976295848,81.63391785352633
66.80049433786112,94.99611972102646
110.78339588746745,122.09395017384945
44.82978935208554,73.03903232781404
44.89961821806619,83.02493950477019
89.81264353262107,104.10565778847733
57.005063202327825,91.85923198341624
30.829554638097925,76.4807604602374
57.03054435525974,84.75542551893577
21.198557343676985,69.0040089935054
25.28450344821568,68.66212244009039
62.31229386504017,96.53618262551308
53.17642669302301,86.69477158987122
110.20727862283151,124.60959274018079
46.67529839841281,83.03434513013329
71.767660281975,92.34179630643519
77.710393110746,91.28662459230887
6.505862507658368,54.237232872549455
81.30679778192172,92.73271917593341
25.474136190021415,74.07270135006813
115.52308650898735,120.30516837064334
22.09621369160799,63.142153335643336
52.68177422860773,90.81607868468444
14.815211829044044,64.99230065610483
119.64053896228394,120.5542345410697
62.7524261880929,99.43731623532358
73.46927699180503,101.21883507523017
12.71379489966916,65.01424421030542
91.24545409590544,101.16676592087629
29.13914320599236,63.810494596349656
108.27624328568209,110.54235504662894
28.591058655430825,73.23987813357694
26.929087876321656,68.52864630240491
9.20321180253091,63.94532106580393
59.287698687649915,90.0281087586188
69.9567303252009,93.85408525356006
12.556493534260522,63.02823386301296
94.18567591992621,107.93611131979674
57.12821599602317,90.77381124585864
65.30488097267171,87.20044509912162
55.68771589789624,94.89851984767947
51.08775200066249,85.05093533890992
69.35863810044506,94.77356716494677
22.852628282031937,74.96738625729876
25.92173500695618,74.12694815979559
104.10534641655448,116.81835637784347
113.80327814536777,118.337259898693
47.93057137217159,80.9030988128836
36.13563741150868,79.87533633178485
79.05994747248681,93.8113426996401
52.004429676281084,86.54501336702316
7.919430900939659,63.79356549724753
22.957548697111893,70.43819006219324
87.33680631745072,103.02571560153072
80.7762533196674,90.9788814323455
8.116039137900602,61.31439503024549
30.526798622289185,75.72762381685017
31.57360160762821,76.5860827638011
82.26766551385377,95.9954570522971
7.266711841751878,69.96189512519945
16.972486928225994,64.1553692230405
96.99034981791678,113.34246091159207
25.532636136248364,74.9022898774826
80.06580240296559,96.80176465226377
32.39101982037355,85.07206437323433
16.435760167324695,62.24969592487995
32.96480196493722,81.07817185051863
88.0606971634008,109.03326017191529
103.40509383222286,108.3494458707282
100.47528442520404,117.19996871292366
50.6761059061223,84.08782038006639
81.8297907056243,102.35836349921144
28.57319397281941,75.58820618026581
38.71198898001653,78.68445078265553
108.07861912992877,118.0933509307633
6.495221203734644,67.21505420462839
14.83348104826383,58.674080657941005
28.90691934179314,80.97516088528732
8.051203445489268,55.71314178256627
25.86507503532669,78.09526853937163
72.0497795115146,101.65841543989522
53.463823318137266,81.27707950799264
107.65724677385211,111.77455194715313
99.0060095999207,103.97448145753067
44.30899544525574,81.07989257118419
34.83369484459863,75.87667600137061
48.664626939235696,88.23061613096455
72.88391838920289,102.9935029251995
35.82731869463077,84.89207840126517
76.77712440265041,95.5777220684337
52.08234000199265,84.99506063227368
68.48542579797773,85.8255219378841
55.15455085056142,83.54792509279976
38.86356234732053,84.25603933914756
114.07213030064801,125.11397926806517
92.8146663283725,100.23558880478663
21.11301521314204,67.59418631080655
104.87381722825997,112.30487982933533
61.05458779869407,91.92809969344506
107.87350609282052,109.88873544680203
96.98335443394124,110.61198243929108
53.89955301396185,84.58057977162635
7.583970456813501,63.71972387401536
35.8978963292688,80.6803694046529
67.2879346859997,93.67607869205453
77.84999528000694,96.74306818737062
34.657083824818265,76.78049289277998
21.025948518374776,70.07115946316071
101.0169772319194,108.65843346654906
118.20625078090849,117.80914507711873
65.45437096480887,100.72042133492802
24.7431178725549,75.17615617598365
36.31534254972743,76.68026968471791
7.114927802958674,67.04223592403302
110.14436275445739,113.40308392844865
18.54137453236623,75.13631045411633
71.29939468413916,97.49790830306004
36.516350379028694,77.7216644694932
68.73047028931624,96.60381977370952
79.91334466046439,92.1022915698897
100.4203074263282,104.57631636861507
28.73844625246937,68.39959809423941
6.264520295725255,63.84697562168116
20.741847457912836,79.03349872638188
108.50214381253208,125.40757263722921
105.49735891968925,115.93893496704841
73.70250674958545,99.35547574951501
74.05943894987014,88.02443080417137
81.47921757281938,98.02623978773958
25.1676970416967,68.64492976130715
110.15737378137038,111.9744488994296
53.158610362588405,85.73858608837025
49.06093074869221,82.17001248586047
64.67553610752631,82.44126900188422
10.40108617913133,68.94009437015333
24.122587406949133,66.69757857477553
89.8738658890326,106.13316726507205
14.521846811389544,77.63133675444463
74.36249258863464,92.5843233363852
33.21514761335191,63.956136192944314
49.768995614827304,83.4544766980131
38.19977972863049,84.6046880393081
45.90236239346915,92.74291846783755
87.69027909618823,97.69739157583204
39.168997296665125,82.06799476451516
70.13653363414318,92.74171453317132
59.74579625289646,89.34315635492756
81.32218401670454,113.88280874343744
112.73542002234717,108.85285836919782
89.24579117917878,105.89159389706225
29.718143537937028,77.19753762779568
8.586060532047737,69.72196189072059
35.160365094479886,78.07009831459442
73.4339620305293,98.25723371278517
10.91396855068879,63.49874143823544
62.08211842814218,92.38669392029662
73.63692762544225,95.10250243523407
43.438047443950495,84.8268831712555
93.65490343076952,104.97940003516659
17.25879911038376,70.51490152470281
13.640844899618008,66.67410838138412
88.74170696341439,110.00110473556805
61.98150136371282,90.73378206391398
84.16627558918964,93.21797545356041
55.005143939430816,93.81217947328537
33.336233822497285,72.13945540693555
99.19676653253296,106.32955157302239
96.93282608143261,105.48810657049884
84.89009414825908,109.31723753998364
36.29669078144571,67.46997432082938
72.87652668994501,112.12700601327248
46.51199814810308,88.5362831193818
15.531938432562928,68.88216378692726
110.49106117815792,114.97106058599752
20.734142555680563,71.79484165212857
114.27729568939228,119.74425998659282
56.29066389016491,91.37140987483275
26.29028681644126,75.92316573823787
67.31860894851118,94.10720788053183
105.38877112578695,111.70769346135684
89.20586193709954,103.84656455028221
97.75453200406672,107.90272460026996
80.7600871717325,106.04889407020157
84.61180491955304,105.27368607118083
102.65749993001172,96.62680679168447
33.71182101880638,80.135414392052
61.283870818961155,91.61561638307445
30.439085809254255,75.12599912239764
118.5818209196144,117.34831819436278
113.56682406396052,122.40397563191033
9.534083307378179,69.50467396430338
86.14114483930418,99.20618408053403
111.40355650280156,117.73703968702345
25.766164689643357,68.02479867211524
70.31370151355239,88.25875993283154
110.2811542226248,112.00699098836259
8.903787537366867,68.76386113059723
85.2033307333866,107.36729059357373
39.19513584784334,82.16299502440813
111.30556246830099,119.27826016839047
116.6716981940173,120.91674053258345
113.5906462480449,113.58791514790768
59.534634915608336,91.92693018117387
104.13490486377104,116.06950005802393
102.12318083153309,114.83304706483442
41.6965544229744,86.79284406886042
100.3252795273279,113.70415899966926
9.25587799228165,66.38518003384874
73.5710360254361,102.13626920430019
31.45101628808585,75.59290184779762
18.865191864387064,65.02322267605494
13.849618187359052,66.10947427396071
85.07320922598608,98.8120913889608
44.0856208333276,78.66691904179189
88.34817872580757,103.45149600932619
12.515979191878372,62.295889990939386
41.25838885052019,79.08938677706489
67.04149862316378,84.05267597681295
95.93316395648081,109.0330505151051
41.65653783718804,80.83429629540514
76.97750829025604,94.40331098978706
106.88744104716152,116.73994886574279
75.82426664096502,102.59998400861531
31.790339596667884,67.85737047648907
7.806089879001872,60.08942104666987
105.06137049860693,108.68497350036698
7.445982247794521,59.02347561835293
105.59069235868293,116.9427203890002
65.82777041312937,91.94475451270067
112.99278532898306,115.17381845793848
96.86007211397153,98.41072423495199
119.76242271133381,123.05830150671304
45.33185877694667,76.46963741420596
93.2266532270796,106.91298976487144
51.22205506506285,86.99791222232238
60.18569633494952,96.89614114666801
77.16312827011257,92.03746213946073
105.47286813142895,97.63887328661035
118.16959895791894,120.00404720272795
93.3514425944196,115.67827720476407
53.04317994924338,92.71632173931887
53.45605526186307,87.77632470730467
89.82196468272252,102.45280141320103
32.45937176335477,80.26529886486394
17.704523010110385,63.984530506532856
45.7815481286893,85.27256291112575
38.0324840402194,81.54359281594283
39.07543385243886,84.83876646371382
31.86489137073964,89.73074587992522
9.840716808181616,66.88243823998464
7.055502494342588,60.9829331186338
118.58807481964362,119.16616584886184
54.19391037962417,78.2515756653665
49.197564423363396,81.12521655623641
83.15943750970303,99.533306564286
30.09919710448238,72.42915656256822
114.24553615427591,117.88454243730656
95.42967665778849,103.60273866698324
15.282265265909844,73.24628596957727
53.021789215266764,86.51192993222438
106.09860536964894,113.00280107913133
113.64418256351219,115.1826176991915
58.75117379373502,90.1515403161624
75.54230975923139,101.89664620295386
24.20890380058865,67.76880082173982
118.9843920057523,116.20161355749985
31.64224565909599,74.30249268566466
113.41415402553945,109.97772239540366
79.70936463412237,95.7583930184537
74.8897314110688,95.0637613378111
63.95917876689849,96.3515352870129
31.52702834754225,77.07632081878076
25.30072368063345,73.61831139715444
30.355914043070165,79.43244683237494
26.44040014658927,72.53334113129765
94.65221446017664,109.27843147973277
45.264404804173964,82.11609363742451
11.651907804790582,67.15276564939344
116.4468024661933,115.30960794503874
106.63537677079395,101.12360259401483
111.6915125674495,115.17436047279323
119.41439960434006,126.82094048266974
24.997953660241038,77.13005384132848
50.567832173805755,90.11090350985873
92.1974247059705,112.27936596201633
85.0423710761861,102.96447349290024
22.698029229083332,72.33559315156964
98.82080937392105,106.32214520978879
30.810665761215976,73.82496860047274
30.739025704601655,78.44836860115653
66.75205863274256,99.39545150221535
73.18809250679587,95.89681487499294
71.70991390134829,93.60401062641708
15.52098630074181,67.76313294465389
105.90799920249374,115.96003334589244
35.5440048977012,70.5527283681829
19.89421594752248,58.466203208075044
107.20602918493238,110.85033034500827
114.89992229642164,111.34639901864003
104.14467598552682,109.53163700452686
98.09434859336098,108.30827270259313
80.3528277734875,97.91017184162868
68.34859762005102,101.43663648237923
15.003477389812167,69.13546251791769
51.97211950313035,87.48843154961932
47.85917945641611,87.04062544842506
34.87168513243751,71.74167697731491
88.19331307418727,109.29221547419498
62.02570953405864,90.63403333435203
14.320314829379512,70.51256050089583
30.321068224228302,69.80124794691338
83.57475782085353,94.01858508034644
13.755048841384522,70.9669727108174
102.8887951156084,113.32644518829177
61.94185060660705,86.46066753151597
60.26745639256452,85.78541278990879
73.12689523584453,102.19062153999612
99.83831108139215,103.97209607635943
44.9980589087522,90.71239422065591
82.9718575442923,96.98282509890682
70.05917585951597,98.2215475577999
35.70825106948345,76.2110331559968
106.04244843084317,116.0371613708333
96.70399248479673,105.6314262318274
80.72196098571894,99.547015962498
102.81689884583781,111.61304529989751
104.73883311037727,107.35847927628127
86.461742322229,106.93499288821512
101.25653276182229,108.06219854855321
85.20921809196761,101.46160946928372
83.21618875243455,96.63634750317472
76.1403084947462,85.25848595339654
91.56241354912873,104.82606796156352
23.239587108703475,83.6828706624163
106.30013730787677,117.07309009342849
105.26200569070168,112.53470094667888
8.363437548974302,62.86726462844582
99.96892631494771,110.09679262153409
19.820034759446198,72.64561295559915
43.53866823980132,75.86527004335643
90.5034494735349,110.8233332101118
23.487388045555445,75.32060059998393
99.06620777369216,113.12403251538575
100.69543046514032,112.5400939266188
63.35878938249616,91.77747797971803
5.734375247435862,66.23149380355203
38.00938531511497,81.96376332626437
75.94659561321035,96.20309425190005
117.8364104731537,116.05019637209234
77.65855560691686,99.33855927976838
34.87741182237838,85.18380666866513
77.9106558564553,92.75979254995815
67.09831866732338,86.2115330048995
94.6822204423815,108.16491442737333
17.302773465100216,68.9058252418302
92.51820878773322,107.12581271571865
67.24565654775269,94.84259426341883
115.74408044378438,116.75602894871817
44.3152990944489,89.60696674023487
77.75151771040403,90.87123896281943
112.18323213365201,111.94913094292478
16.788618718928113,67.87803555871882
112.78127603219188,108.17469396032511
84.10685806459354,101.17415701013643
12.801261797094769,74.70798172718747
39.61081019888387,79.90983754092176
86.43979019420738,104.3733996256971
12.745319168908745,60.07183575859147
71.94960292027143,92.89299441993833
44.776551549590025,80.51229387317532
76.40528454325987,96.61406678784877
10.260333888438979,71.53838591923834
105.22673270752327,115.40182165738726
116.95123145540065,112.91832594301516
116.42095335785451,119.44300057108727
91.20996065043634,108.09608906770211
19.959917615022675,75.68070400011767
92.2002675318376,114.00283719876066
7.827495392762174,58.83827673724174
7.544208425834684,59.71781665686565
42.215175202197244,74.81969830652555
61.19396689653656,89.42688415273336
93.59685304789622,109.13021839617979
83.57896830974809,106.72615673781955
56.27881123332606,87.75965049845041
36.46706662239158,76.63429569492156
119.66931751813678,120.5934487203121
54.01084975713689,82.82971037041833
56.90950779791268,98.90244750743021
23.816739437041957,63.87006458293068
96.40309810624188,109.12525194759957
84.77345596487119,112.50475907858379
30.388505470707447,75.22825195815372
14.47382024582191,66.28671494790349
83.257419738592,99.84148275524387
80.26878964233055,99.23243641235324
36.42484560479407,85.0766651757797
114.3493096587972,106.11534527275107
22.371657554803527,78.8529972838834
54.71850211989922,80.23946529769889
113.51583081927387,115.42465376346486
53.26864144650406,84.48809862175872
78.43048398136983,102.15800833953851
50.723355765721344,77.37105612344193
36.534748270097055,80.57823746545824
118.15742951538024,129.20026287412438
52.073410726229945,79.22083534015093
107.82140842310046,114.85923504960222
31.444779677474912,72.41247894975442
29.50704096288458,76.88295651240747
8.580419531718807,64.38594865293817
79.94168491822678,96.76340791389184
47.38052952823253,86.12962618847163
104.40119873155827,121.22233991471286
59.419139269529076,88.75505067612804
116.342244210193,121.76991181583742
26.335434305858932,66.70135236357365
104.89166431489524,107.66365027335758
94.3086380710503,109.51635042492704
93.65601213406597,114.24858620971281
102.15007123344208,112.85310236064934
92.51775895844487,104.69358932660666
77.01533698761277,98.50412552092317
20.09316093347457,63.794541796888694
8.74051064149397,67.39283195252382
110.89750249880399,119.86041656101904
75.91478616988488,95.69694142077704
