Reading Time,Comprehension Score
2.5599706536604936,27.8372121997453
5.728928685254539,74.42420469928669
4.525966679962728,55.5588954721534
3.7926216630837013,47.81301728234217
1.358102522433401,29.693444866475502
1.3579698618491145,11.306643077584194
0.819459866925097,17.106228635709755
5.263968801762143,51.989399741727574
3.8061325645876485,36.8135192898926
4.394399177878251,48.2981546486452
0.6132147186269135,1.7177284963976547
5.834504186890968,73.38070716237394
5.0784345244023195,64.43428660493826
1.6678651087305187,19.411522060420662
1.5000373196390533,17.85476131797173
1.508724804193886,21.350721126268166
2.1733323362774577,31.12078428730432
3.386160373977308,35.36401966573097
2.8756976025316368,33.856266365487635
2.1017602710892307,25.71904619030339
3.8651909209730873,50.364451382954954
1.26721623358623,11.853261497897776
2.1067955669437,25.683339476604882
2.514990138115304,31.341979904807896
3.0083849131936975,33.78901961665986
4.818467787661575,56.119272775835164
1.5982058018709786,20.31541060262593
3.3282894112748638,40.62724678198745
3.7582801287412337,49.11430229444729
0.7554772699599874,4.103482160390522
3.841496685457911,45.89059697946002
1.4378826802801035,16.687200536139404
0.8577837614190373,14.70794735610838
5.718870454893333,66.22598669441047
5.8109761819100765,73.24365308351985
4.946185414640536,62.608638678120506
2.175375730453539,35.21199422481294
1.0371966270351112,7.8283416794940734
4.263281645816862,49.589008648711676
2.920838715567807,31.538803608057243
1.1712102916462834,6.176991603281634
3.223473005611986,48.802426023696256
0.6891368661337012,2.3394854793712963
5.501262211433302,64.1476512339235
1.923289898800093,30.432356395461447
4.143872563946901,42.62867377868839
2.21441091849176,31.245898171755424
3.3603741164779595,34.61178002167017
3.506906536388038,49.727737741252554
1.5166995053903987,7.961414789950641
5.832715452705072,63.572666388266576
4.76323052848613,56.35115951607822
5.66724417860304,75.14687625010474
5.421550427352068,67.08576490294496
3.7884498834609683,45.30751847476973
5.570308292627143,75.81574049827115
0.9867087612855572,23.013812515084055
1.5779057433052985,22.931197495203772
0.7487500890079594,6.1720696630786485
2.289316819197954,26.302442507476357
2.637725093292151,26.27204006618178
1.9924196747564276,25.21499016791974
5.058056300335611,54.58437026849883
2.462143296814741,33.295949233379574
2.0451398032805943,35.39263251019244
3.4848284573703667,46.808399490749764
1.2750832373611947,13.46842879899499
4.912083394147218,63.55659929723108
0.9100285402387396,19.389258761507147
5.927878151302846,81.37273810060316
4.7473462311316155,53.859976888527754
1.5929362484379483,22.307808242664322
0.5303716441798132,5.787405049396508
4.985037856501588,65.85969319195999
4.387715391161894,56.33652941635935
4.50953942422543,44.080770158610605
4.741986906772701,57.07223211495837
0.9072455845374969,12.244867856553302
2.471561506993499,23.481615085355504
1.1372798273882134,17.01017632574521
5.247068842315764,57.456479266496714
3.9281396975515683,44.72639577514197
2.3199391366895705,35.479509309043635
0.8495709265731299,6.117879524833104
2.210402769436142,30.28426421754249
2.2885082711471085,19.615261104038836
4.5128339808593525,66.37681109298697
4.006566092453673,48.16850295644204
5.3796700841697955,67.19774095732424
3.097182088390721,39.307857429352175
1.1577683526606593,17.397008689954383
4.422846329726473,47.258269752757116
4.684317767392936,58.07037606336037
3.5870245866322295,41.194080752141794
4.740319489750085,50.343831345018536
3.215875780004149,44.820378074941985
3.3750305616009673,40.09781278811653
2.851475600972023,36.577910971760396
0.6398051970925236,8.83438473176523
1.0934028484631746,11.886622488325823
0.6728605212770384,18.220261704724397
4.000257261950792,49.37670287493928
2.2289578959197964,19.854797026086747
3.297138801405865,38.890721553507845
5.491615606593512,70.60822476005234
1.8711072603188121,25.869306373707087
2.7571060766959636,28.755990024508712
4.655531261986768,62.3874475051197
1.7583899102039235,12.994023884402877
0.9233895040583615,17.17297635292052
2.093632991025724,19.369457602514878
1.3867170798970243,16.067475444844064
5.613337087884152,74.94202571423783
4.944662087604293,61.92399648396249
3.9837206608073292,53.49142421121453
5.293033246032447,68.73993690000117
4.920196422945129,67.45387680702636
1.5261353238731972,24.23887983030769
5.409074491694878,64.81710233466328
3.466382330536079,46.156372431483355
4.940920853402344,53.64680832774691
5.428502149579213,67.03725006839731
2.2490191123452514,31.985790699147923
1.105285584902222,14.377497271317356
1.7536433939806793,23.982688714135843
2.8490928374444096,34.26939483723418
4.999081212573712,67.64624628606894
5.234018207909889,64.51261665021462
0.5382367179215488,4.348207841274036
3.3091101641766114,45.47368975158386
2.7957605173182847,27.64850519873727
1.7215929575890163,23.857152555205698
1.1592595203352554,9.165244142905895
2.356883442719954,35.620784092546856
5.686003371518855,69.21528665147353
2.277616126114154,28.922963916965173
3.3533484195885137,43.65261781493506
4.366604273923478,44.50820690257519
2.4999628130861167,27.752761743872398
5.844801454965284,77.70763916181913
5.793460122181612,76.19197596835141
1.8848026270395029,24.7913480762157
3.23486678240812,33.37298434327846
2.154830703992233,29.652716470153038
2.0666227190760718,29.198201212459193
0.7028782104499304,8.95250415735827
3.8526038368894326,53.897615360540584
3.264734627758738,37.07357797308269
0.7831331318749415,7.163488565873452
2.032555553301363,12.78562874385773
5.495462372816595,72.75638357007259
1.8175903986683484,24.111899969037054
1.296921796501727,7.675917605700221
3.1919901815265965,30.79553192175993
5.921077497608304,69.07276695974531
1.8313039933132522,26.680962155053674
4.196745510732332,50.548161120478575
4.688907884307946,54.130052570462944
1.807006491958198,17.380744218672355
4.505189917365228,50.62087283697812
2.522807229955893,21.6206213866259
3.977682068264687,43.29605906880623
3.984413409184921,44.063633007517254
3.446760762411172,46.16142475327895
0.9965937352992457,11.531597540765363
5.094163725740809,59.052231841578006
2.264290357344547,39.63138179089704
1.5258518071991982,15.604829704119181
0.7242632785512015,14.818160091094647
3.74991118753533,54.61366203723849
4.226603990132553,44.5704804351477
0.5912330591032089,7.70255851512771
3.3165118206460455,38.54523317408753
1.7457267635886589,18.65668239097259
4.048450347251974,52.98762298011194
1.4590153595274529,14.981025496849286
4.300157559563562,50.85268201099484
2.6270444046529557,31.7412356853516
5.65201493805204,68.23188642788944
1.2563651928029629,9.71416658725486
2.3758649307764217,33.44609959539753
1.1241043668232398,19.18431286127759
5.585814900532095,70.99593247529012
5.325366443595396,64.16487499906692
1.9186789524333558,20.27028309976265
4.129912253187985,47.70296651882652
4.994722101106687,73.73371722290196
3.553604463797043,48.762624690177525
3.4130781809580357,38.130011347159545
1.8301875999524841,23.522315559604273
1.0120652229324456,10.739422169942388
5.434686668743297,70.32247973039591
5.452299314398317,70.33941347678959
3.982058015002974,54.80535899597956
2.3646638507678537,25.07486384380684
2.420652660369635,30.5457215382574
4.4927562337863165,46.978489452211875
5.434106429739174,61.10957995709012
5.378975333458145,71.13302448825932
4.789315502216931,54.645869547519546
4.0311740538485825,45.79192638757446
0.9627698074727686,11.899322560250225
1.3889579275203756,20.70029871458999
5.442048036898936,62.19064293617948
3.8353598281277446,30.16384835445988
0.5505837838914631,2.4774765203637825
1.0580934857631765,19.151101321558123
4.1492597300943075,53.17669837500237
0.5278387111542028,13.165871921027328
1.3844442827962427,11.511432556674553
3.5180358415162236,35.43531346932525
4.305423587309813,55.71058169836619
4.085786927264303,51.873917982240336
1.7334812020330788,23.027200902191854
4.416985717411447,59.44646687778394
1.8048699812324003,24.49325031726122
2.2896983398759723,30.425977437739625
4.605702728149133,60.69707369621038
4.0729809447596805,53.027061783519315
5.170728757717979,68.41698037479534
4.116870907651888,56.10192620580469
3.625697318345094,52.62600585149325
1.0152112230545085,9.345158808021868
2.5224369168268845,33.68723063586799
1.95861302224949,22.440000596604982
1.8419430385849598,18.67682783009368
5.851558051138451,69.12600641608513
2.6620374856671822,35.490587999100825
5.406256053474123,69.14213108718091
3.971262442984946,51.25547923477389
4.8714621694790665,59.28954092825999
3.2645040120785564,40.50495047813844
3.672971365444975,49.64263974917562
3.2088473160037516,32.35063154040754
1.5738364328892447,19.64265211023653
4.473486633938279,55.93201469818606
2.044247993424707,29.120222992328472
0.6337378153729961,1.1086651262201777
4.050097627489423,57.70683794904745
1.4741087367387693,19.35072509109543
5.672522213941028,71.68612614887964
5.746607173514231,69.26516029231604
5.531754146212467,71.29746501997438
2.5358728514049442,31.690828976138008
0.5850113909087709,13.300489431443168
5.605752094232489,62.317638512035295
2.855012815745229,36.28690815386933
5.8166015047401824,74.18272263463051
5.799909873990891,71.00128165718124
5.191552005070481,62.36468106838428
2.1194689063827212,24.471839530795855
2.618037507310589,33.34329883653325
5.181251693342713,55.21046648752255
2.243071028359527,32.644670964316845
1.4322101067735087,15.362267595857674
3.562406943520926,44.821619061857774
5.648851257884296,71.89515669057228
4.328163881712351,51.05084756445395
3.6353364354915074,44.431918564190546
1.034470715739227,2.653779295182842
3.8825397468454335,51.81365753604426
5.945296175573448,79.13663625542233
1.2704620838008822,7.251885973338366
3.350813088000552,39.52585710250601
5.325551895603755,59.90059142387916
4.574227397648125,55.842965527987694
4.333586575473974,56.990310910935925
4.363662461929101,59.05668867818224
2.4772013317086534,36.33265356231571
2.1147551434547136,32.78088279828963
4.951486355131825,60.29854194453872
4.955623670735494,55.72712557973261
5.26889775219057,64.77433613036749
5.522823039060592,71.66292306844399
3.3123831937351578,34.94539739859591
3.258339620779598,48.712107879978625
4.890623484317263,65.1451992789756
4.074801619277708,49.50472362124271
4.360817824917369,50.530504036320956
4.876859681898556,57.13944618629588
5.395029379996615,67.28266102626363
2.358973362683447,28.110057079081237
2.565706239519692,36.57357987001237
1.0169006691247795,10.897189576417158
3.6805407754789567,48.175264619426535
0.6976825058820815,8.508354158691235
3.060789099728531,39.30965768875984
3.4845454908916715,42.0666499336906
2.0759768867055644,29.2857956469149
3.749582933129559,50.11674848798569
0.6677513746647719,10.581404084990742
0.7054150381206793,11.786452628319426
5.02430308362812,57.59186842891171
2.4810485277619456,32.387331120520344
1.1988328195853664,21.1144835675546
3.3723379303014243,44.28230529228258
4.734964542042359,53.57161544273656
1.6870156512326375,20.6743096696492
3.9258976170045012,50.56567339217026
0.969411057465724,8.236083178354292
0.7842494664273423,2.935265763121545
3.422450473624814,40.86631187215778
3.473493168855586,39.37569410242611
4.005864458240136,49.611124002457295
4.493502335474639,47.77345463501609
5.86718643704394,75.59104374747646
3.339651915656574,38.246870328646644
2.276260601176853,33.20998965399906
4.8735240712278705,59.0591876187466
1.9895773819414082,24.54870640500838
2.9143428138809986,35.279842472231884
0.9315100973824628,8.11221721399319
0.6394290887850163,20.29189028167584
5.794566280728588,69.38753904333684
5.097890662817132,68.34398685277267
4.327858133515338,48.20793774126547
2.7492411942784845,35.95800777562775
1.4531187603896518,20.41660647037886
1.3604037346909732,16.751466472895817
1.8763359399052744,20.416155712142327
3.5207466558836624,42.3493060582567
4.430277574850343,52.92988786978195
4.131085571947522,63.24575028028593
2.0396364332026855,25.183491513762128
5.751759043647567,73.96039882970001
4.558433041826727,65.44390373918807
3.5489472888127036,39.63407942130614
3.8644641042889374,48.1171582519653
2.8078003433528447,33.47769759927995
1.8625204422563661,22.669140941642535
2.4578497325819386,29.588320367465947
4.66815360755403,54.23719766191411
0.5791641874636573,8.16011143569461
1.1383995227880392,8.805789365471695
0.7530145311196401,14.283645432999595
0.7240084127543358,12.096033589887934
5.20503321206054,62.08789621823516
4.37011822659013,51.975294930676036
3.1079560599802885,39.923849997793695
1.038087883580508,8.882115695636315
3.203887313142578,48.795981227875764
3.104094739293111,40.288035958526564
1.4526102845050834,19.982255056396205
2.8861840708088518,39.20300461487935
2.691776039185554,30.48732522763914
3.8871755392871905,53.65558463336523
3.9930150797720407,50.09587210260169
0.7491720537462448,14.04230293388801
2.5603693804455916,30.76511028562633
3.9422295364283,55.47973079295688
3.267249422190482,42.528644693349214
5.210694126535772,75.53795467985424
4.122814973904198,49.28543503498176
1.3961393489478633,18.338307824652862
0.8881281107023642,5.857091124890905
4.033306030134736,47.37642093827138
0.6458122079789199,11.103092082780579
3.7217656970040482,51.80566814746679
5.671266327837267,85.16269909826838
3.665107978317334,44.9732064012944
2.6349345941358706,28.013600875743702
4.038085201432942,53.848814403320276
3.0203908977033413,31.821137760457628
3.500892341237642,46.24106019078346
5.678056448270889,67.91058294805599
2.623564507904258,33.596625739102194
5.786548101031528,77.22265530033701
5.479428530758351,67.40471980736623
1.5768512413411304,24.221228077545067
0.88148715481341,15.29840092010485
1.0542790075758466,3.753994381441217
0.6002200410835234,2.93620063890734
1.0194362841576061,4.834482272093357
4.256537253789963,62.80021370727129
0.8915375665312595,10.53029836772269
2.254365966615687,36.86382723093108
5.146814210332,55.66839012328471
0.6279956465470422,4.924848050535739
4.979576654239147,65.76148582481171
2.0502012612536995,26.323909828431074
1.1499065519191094,16.92596817206825
4.332054409502828,47.45908544293439
3.959185657289362,55.98765471517353
5.326096074398791,69.94176794898996
4.542890740921372,58.35114306688289
4.919145117116667,57.58144355730299
2.051190149142186,27.058802085685763
1.4759174907884756,16.847556071682604
4.628381134024721,49.15085057299645
4.9375910659699525,60.986155825971004
5.947778281003703,72.98342347319456
2.7693972230128456,39.65934268678372
2.5460994718603076,20.40576175267023
4.770271284080983,60.33909251678524
2.3744194713915983,23.670799580071236
5.619165290819606,71.28758308224201
5.221270135136565,66.62798834847547
2.859467150562601,35.03019982310624
4.629790872853236,61.45725647507078
4.649985807465753,51.44242740131645
1.0671812785976293,18.774274159999297
5.464040986737617,64.22714924005876
3.278888048463214,32.886780889360665
5.045516063592579,61.214825575527
2.2602728056683645,17.557152881066997
5.425377756729103,68.55889391251775
2.640609233037897,31.453795176622872
0.559607083141641,13.108938435732396
5.4796008703059504,71.2051454394545
1.0020767223237346,5.46823364158327
2.2562250067472815,23.790800379267687
5.7253408187794275,73.61162609185557
5.728339308156558,75.2808876802647
3.6539083846780738,51.42995300943676
3.975104666933896,55.37361853958284
2.9664503708807586,36.34366564668723
2.112659244339355,28.01544748352239
2.3076549995345377,35.11428872451285
4.1988515084237115,50.559540800977686
4.63805991190724,59.42197820243081
4.853684740492167,58.56322143598481
4.842899785370046,57.30912479980019
1.0016335667677971,12.664644700399325
3.219311675864198,36.489663374666854
0.8165731800915436,9.472935411952216
3.5224088527805453,38.51175657730387
2.9284177575535737,35.36960883972146
5.382373005170649,68.99661125719157
2.430032569036433,27.194561295423902
1.1438685903518322,14.233241900692953
1.2864542512905972,16.65190890058113
4.688308474446098,60.40922745671679
3.9001993482394357,47.704162772702404
1.0561747186753463,18.52849521125592
0.9625874336324859,1.433856741688846
4.35533022302516,68.70556816748407
0.9001965350030644,6.808981675000833
5.020230326096959,64.28015022565273
4.384332249360729,49.6841608192251
0.9474182935304487,14.97165721037216
0.9666074274685555,13.371154620109788
5.926517681756465,70.24982406998686
2.558489376658662,37.09699597588737
2.5385318088679,30.664231937269186
4.970397619916264,64.38123171066304
5.7098671756112225,66.23059374032935
5.92300585102579,73.30539824267872
4.643580018924179,67.608846503845
2.5694277204200366,36.68204925295081
0.9592539418426782,13.43521133140602
4.774308037600902,56.968554903939
3.571223373546928,44.62944366512665
2.8332210508583695,36.12673748768825
5.4849491180210475,70.27299798380099
1.1115861526838324,8.403098991932378
3.2094380735997254,43.14696349014875
0.5624450462208048,1.5277360577267718
3.0776335309676943,46.32585252872062
0.8096680162501054,6.183732653221673
1.1534985394743955,15.789359784277455
1.146394357274077,19.243821724782507
4.070656661638349,49.22425157946056
4.603246835959828,58.79457962085089
3.708528208034378,53.170776293306176
5.791949016609981,74.65642436227148
2.5617881873803725,33.550225761484796
2.071416474550234,17.26673064240361
5.277295205042032,60.782825431761616
1.7297771118569896,26.688090112516903
5.797723966923362,74.75578453321734
0.5668496107939899,10.637660349059622
5.834333546892014,75.53706647718654
0.7373795157281686,15.594101753095476
5.401287125339391,65.68224176168448
3.402356099974649,42.80008136568627
5.961306378656152,68.79148547330892
0.9058811060446937,4.845040236511709
3.5461985642072644,35.76287823938842
5.831163945905044,67.89495347525558
3.3770381429358185,49.64638572848499
3.961692509743944,41.371093046145596
4.326617789415394,52.14301922701929
2.9999758562227528,30.741350532556766
3.951569440462349,46.004307619863226
3.7137287155770515,46.90783658998767
5.45636905770044,64.17181342071079
0.7499550918780182,14.749611502194679
2.045297542757267,33.036609243611224
5.727263162421073,59.78666713684345
5.396450811400039,63.514297550016686
3.006112140321421,37.57889277326325
3.910729287908452,54.133244252894244
2.02559650639623,22.851155970544635
1.5346663784806873,18.933959653348836
3.050341227169902,32.04801046688658
2.4434372541432907,22.640650770773266
3.7101086151797964,53.24139292988053
0.9275405033074167,2.383433567806021
5.859171442163916,84.31122783260619
5.924159094637816,77.09989647390402
4.339889427108599,57.225165473041315
3.448530014892662,45.64759498958766
2.2024018895748023,26.051770398170575
4.975872608388218,63.67347798818845
4.266021449046336,51.96467209722668
1.394393166396902,20.05927026914362
5.510099514716133,68.17034993509108
5.023954836077429,57.55765227519625
5.723899523105582,66.63756529756954
4.49145729613598,50.78375247976136
3.873783577646844,52.89894513075582
2.800336699598404,31.643827660748933
5.630006658447073,60.265410181872696
5.263351392252246,67.26269246016952
0.7487026855840417,16.858342072517807
0.645018359734886,11.865229619237532
2.570548517829273,28.8645044250349
4.958043319300081,53.55786973721278
5.9300187112321945,72.87547261398029
1.327292901069405,15.665576215947723
3.7677189344367434,41.88298104514227
2.5948997114706183,34.93832343979028
5.834529187980317,81.59564075081427
5.131654077246398,64.75654218631409
5.1108078759112585,64.18896547948029
3.0778123788723364,33.48630117692244
2.7815072628571587,41.484602923724474
2.003738895618884,24.475568393722284
0.8100652315800991,7.151984436125739
5.255973069402793,65.50543175355548
4.970955550215427,64.01187839419559
5.998447203073718,75.09157172920504
5.981502603906479,80.21610697018923
3.554874380814451,46.00904103864813
4.729430783492807,57.236861689555546
5.6962115143533545,72.65299007092806
5.173060648725763,66.65685740413826
1.8604145595875872,16.591835449567505
2.9779927442055145,42.681531149602364
1.2103767833332224,13.507128168824245
5.747280649922973,69.90379572490556
3.83396048947984,51.30741719362212
1.757535430269045,25.53358699781326
4.194353764232212,48.51614162900965
3.899705322518427,52.38044293627418
2.469894949180623,27.83052974898289
1.1245667570979596,23.045258178594345
4.193652575760398,47.87063365583343
3.361692354970863,42.89063845559016
4.747751154546016,54.973700207796874
3.360899256115964,52.796892916812816
5.18699825175197,58.142427726272786
3.5354876132596704,46.47055342506786
3.5851588434446247,40.7902330055239
5.321594814620898,64.23032257373059
2.7191557641681836,35.99190667952912
1.237083756478524,21.465802589587142
0.6583047197233644,16.281580018058918
4.6532549062049045,50.02706275931911
3.9117025324440555,49.85348586995741
4.372438724545729,61.526459434902016
1.671302888299009,12.301710628155618
1.2500431157272338,17.075525791720864
0.5799956611733506,7.18295334209177
2.4282315734362836,32.188751274511134
3.744547277700482,42.580073450588856
2.657342248048528,25.77948377880238
2.9061120711305097,26.47740329143552
5.472872819715616,72.75899978354627
2.415405068628152,35.47720768677297
3.3269421903789596,42.77569040516081
4.8100915700762865,56.98622108309388
2.680985302766986,25.13558046611364
3.921476851253304,51.45268264761877
5.243000398107099,59.52220034900865
5.722363430117031,67.41488392497334
1.3089041451097088,13.300809419261334
5.596231938388219,68.41936028262795
3.20663961193746,35.975013643744035
1.920344135644271,23.98428300264802
3.025246659310437,34.411405744019206
5.8901791640701235,76.55957011011282
3.209399516960783,44.95976005824876
2.3081338565812954,29.169248589760375
3.9837046987419917,51.72086533069346
1.8208009032800618,33.171688051196355
0.9172483045976516,5.513118081842746
1.2088384705085709,8.8252288977023
1.2042521142677485,18.410676813373236
1.3354648143176189,26.29576161190895
1.2635494495717556,14.368627261667616
4.024811096417681,58.55172327111529
1.5003404641952964,19.090079483640242
2.401170058281248,26.375976463899995
5.432336254483065,62.420864990249285
3.106789021445798,41.678890963069264
4.17156756186565,47.16289974690099
1.447759291608964,18.362159273467675
1.5575896034476893,27.23526611118939
0.7247773894656337,7.4551197942875636
1.429142846896905,24.294932743110635
2.0322468646757725,19.132140692674
1.4735576635221075,15.606192799468
0.9878639356638059,5.216221694551468
1.1634972910533046,14.795211070915446
3.0342832241799917,41.53296376920358
1.6348354512318588,20.651914871883356
2.503484235764415,37.184610551418956
3.268794989701713,36.7951991925597
4.297171557461509,54.422207242833004
0.7162167691260442,6.245502398960223
4.8967571939997345,62.540212594314745
3.9534521421999926,51.55120779679709
0.9496746757187955,14.690280900019143
5.304682432587275,60.43813396732267
5.5647982029249725,64.56845029114479
0.8359287792017507,6.846133756603836
2.0228270648096203,23.89362572162287
4.934107038861837,61.63099160271998
4.615428297110121,60.78310520545893
1.5148656064600754,14.547564872414101
1.6514212783519067,12.476587983930958
2.537596565352601,42.25115283208611
3.1648764185506173,33.59498448850173
3.9004012434166278,52.556184590836274
2.529025017633748,31.522463134308815
3.0439409387323133,39.00888048211118
4.611090159735661,57.18110349666148
0.7017576158982884,6.779310554173584
1.8884031938921142,25.7407043461347
4.423422722365038,52.66838232239103
5.423637607279597,73.0979560555054
3.3142259316361637,43.94675581549593
3.4266241689592363,45.4965358654453
1.0894460623687683,10.976194673152609
2.9607680175290003,35.539029858784005
3.4293949655026275,36.59336594597835
1.8335877699910132,20.975916607825347
1.9808377702215954,19.384379380304132
2.5750628970754246,38.502454231985425
0.610391587777495,7.823035636513832
2.271435410707481,29.023870419485487
1.6629640384809956,19.49911044337147
2.301235436978531,29.528872454523043
1.1586917250058817,26.695014635114088
5.397900044069422,65.44653182837669
3.7647584945472676,43.44019718921159
4.235062755294693,55.173657274928104
4.8404418123403605,47.40478729472457
3.241432094109815,40.52151214327253
0.9780615844808302,10.271804051840967
3.454085980002013,37.877592950655426
3.727626149114835,48.7705183275572
4.599917108013815,57.32022480370073
2.8741275042632366,26.63420360499478
1.2016916653756007,11.67128384146759
2.0607674818929844,11.1172278971642
2.496952630192493,32.43469885281193
4.052544827323807,51.67801760893992
3.6392806756790153,41.16961940669376
2.4585319924381546,33.19240546127051
5.925833868361388,67.08241768360138
3.8317615064628794,42.690679332156215
1.8047473545479695,24.46925714720342
1.0598035994122206,9.700836771164818
1.3407252655138262,16.315005172891684
1.8527675061147948,20.160627642625357
1.3837475529275562,15.10721632230618
1.5261186322821816,17.091502479193217
2.068023427816159,22.114791707870914
1.4535547741211516,19.539901864889508
5.432209835445338,64.23311659275296
0.9412856011390321,11.752689516691524
3.3848126426364007,38.33634115689198
2.7571825484431383,26.524350006593846
5.9030823929973355,77.77491279819932
1.116213961924288,16.341432672034465
2.688205794751579,44.78377213224988
5.832087383014529,67.1123596610277
5.2602891924168915,64.195717886773
4.99389639022104,61.29405714816632
1.9184655487471691,28.740537242382786
1.439881730645362,15.322534463167162
4.177537709584371,45.95653032643062
5.611567940201722,75.63628708505307
3.5621959115766137,42.59673811370933
3.643869792084449,49.58616275193437
2.039885015131563,29.110581992094602
4.732211132555653,58.541601539337144
1.5287406170663784,18.088574092223343
2.2802358002233403,26.322706681594845
2.8399004123902922,35.14578239961606
3.2918570827645026,45.14262318709512
1.8332535282829414,18.754650567120155
1.1316025360656194,14.578882055371592
3.8584102334289794,42.26061706082098
2.0874680428214067,20.919205366486167
3.6968102178243676,45.69484167002552
1.3489949340081127,6.930064135756783
3.146270560201496,49.3242842820336
3.4292418790337225,36.56573156600421
0.785029452523348,9.535852928926001
2.351323530066563,35.0032819674674
1.2392807231643583,11.055601496651297
0.8485623376002226,0.0
5.944781278144699,71.50517645900877
2.2729461473609764,23.816019193102555
4.954309452200492,50.06375163912069
1.9005236012007012,24.99561524744208
4.2482649722316115,53.72440087404375
4.681253229393276,63.77068288375648
3.7760130733431434,41.22773498571084
3.093669037025871,30.373420539331455
2.765125027809977,32.26073399691123
2.4187754659864744,29.55704992390377
5.612410293363042,74.21443580811305
5.068406742832511,69.91354616070167
5.8076480086658195,78.10151119552589
1.183634729170496,16.06269937339346
4.519771113620044,60.05377158038288
5.660872512515708,67.00627129884977
1.4967818639111308,19.405751458410062
0.8657294705172762,4.780723449290168
4.576163571095325,57.0691074313922
3.6596021224895154,45.831298270983105
5.130058272170496,72.23597972063816
1.2687480714445922,14.590681457839061
4.873970215229396,60.899429288621405
1.608950260262595,21.139746496221
1.4001076857613748,15.090676398846249
1.4034618886204613,13.393914675212722
4.980160961272602,68.26029808416367
4.1585847138291,46.67208863229782
3.3768598362301563,35.2417748510182
2.4735676626792635,34.07964808099527
5.3246029744720955,71.82724356990238
2.6584480908244945,30.714244801405723
4.991296917093674,59.72408725566487
2.915241997136201,37.568886579584586
2.5731943618369915,28.37467383889471
3.0447388211828352,33.85368537929061
2.1575783079027815,31.157239150268026
4.611851590969382,60.233955149313324
3.2649621455086355,47.049353134857846
1.7771698233074953,15.778330566673352
5.447660153010126,65.05206852000777
2.611401717552663,33.79370019153635
3.489540736126937,38.65078118634831
5.4855966103050084,71.2433234913923
3.9333089775269565,54.905838230611856
1.1429392238960023,11.258466847663328
5.669076679874113,70.50345002200955
3.9523942918927983,56.29750107122095
2.3419808806139737,38.042679407958474
1.2659963996486299,19.43047452433475
4.867138540986628,63.33163140755258
3.9104001576068246,44.229894424365845
3.4340360058697685,44.386537303719045
5.416409206780267,69.9608965833486
4.837284661734919,58.9423732394193
1.3342118385301314,13.5736261708945
2.214471372875515,21.058401740941935
1.8666902689795615,14.462900498208711
4.591704609149724,47.20900996553069
0.6844283910467865,11.385807829874032
3.634393266792241,45.813909614324636
4.693522771573798,55.79216744553734
5.322211002189622,64.35122153332114
2.3814496179374913,30.5881836315979
5.016915175696071,61.3992687373633
1.1084745532536397,7.045044148866326
5.15548760453985,68.50572404224312
1.2011876428259032,16.418311181839506
2.68508009808202,34.63108786296417
4.885124511787545,64.77536932136982
1.324545850418256,12.359398643433794
1.7608826737795282,27.907932115092226
4.472389126161865,54.76840790279066
4.460200951003409,59.76045322312222
4.026311980869135,53.60841388512904
4.31671644456905,48.34388899273415
3.4849844384117787,45.73687816480493
1.8848948239882402,25.00870387233718
2.401327964271557,29.933929584116356
1.4987874424078411,18.11679085066156
5.496478087334956,67.74037712827719
3.7086548712136627,50.0598866104466
2.7046827922000194,36.43426964028102
3.04103192004273,37.86866754477448
5.710058367864984,63.359083288015114
1.343432717138441,19.13408608172345
3.7242640760923846,49.80810009952877
3.282387733864563,52.21172927327331
3.8629982948905632,53.287842760884516
0.5996060110146229,0.0
5.296681499192833,66.08402140629308
5.626650553659868,78.84117717905421
3.6082325097406494,47.86869955950682
4.331579531322907,55.36549775667467
5.573746596475126,73.62930617756143
4.389812488723692,51.33257783856616
1.3389647360284374,18.99690504251921
3.6695859809174722,44.25954898249353
3.8369327551057073,47.48928323134871
2.832718692163123,39.27494963224895
4.550443295935976,51.803120279853836
5.639018581229582,76.37760835790529
5.59062682098727,67.22345936769005
2.9796165427227264,38.2578857683495
1.122809252124154,6.92305576058487
5.91662659429284,76.97990440567816
5.1139394754526375,70.65794365871045
1.1856447466179676,12.131702451548243
5.564630354395548,63.463982133048006
5.284429991341706,66.92984091276377
3.3536093141933967,48.86705479127816
3.7520148965971107,39.28492758599664
2.6945148712857163,27.887068944306353
0.8011890135211723,7.665765991192346
2.343584829052455,24.964495314738777
4.915693967289063,56.88076488589555
0.5254761265253157,0.0
2.3342454443012928,31.895667839227144
2.689927814750188,35.055321584805995
3.4556758161585757,34.364631159350466
5.559205890270182,76.23380117220135
2.4049029690127868,38.23217172053997
2.4082426104292525,26.11360216227629
4.556256864603616,62.34153129345513
2.987198674893939,34.183619660000126
1.7353265261699007,22.427898408059157
2.9884173387298136,32.884912437944195
1.2747136120888993,26.88084075504618
1.4701284257842282,16.75312118942245
3.2410227500671387,40.82889645018452
2.8040899722750137,31.33792359570356
5.53165245587455,77.91267002193923
2.4931664451414823,40.35446750824355
3.693235926529239,53.95985256136137
3.977453583557417,54.11240619659317
0.572019511235835,3.9705007230266576
4.149455546091908,55.60270219958531
1.479197817783633,18.31047609264537
5.785886746082003,78.32126547067062
1.3176450026421214,21.92154820988646
2.7804326804986306,31.237874054545014
0.9694231744325412,16.762360057214426
5.98280838515271,77.6117071402481
3.2620725568218343,26.589906383877192
3.7746175952602408,50.819222651940805
