Sleep Duration,Stress Level
5.621780831931537,59.33508638918826
9.655000144869414,31.09369116788909
8.123957592679837,42.58624970914374
7.190609389379256,59.72895073526767
4.092130483097056,60.384543320525815
4.091961642353418,65.99629712257712
3.406585285177396,81.92551903926888
9.063233020424546,30.544051267668635
7.207805082202461,50.59185503983382
7.956508044572319,41.72061009811421
3.144091460070617,87.04189234715308
9.78936896513396,21.315127152736217
8.827098485602953,40.17687587973813
4.486373774747933,75.2378957971242
4.272774770449704,63.01332702793133
4.283831568974037,71.91718623656607
5.1296957007167645,56.85734361364077
6.673295021425664,50.306055955014806
6.023615130494811,53.72495363077981
5.038603981386293,50.351454010832164
7.282970263056656,47.72258038546419
3.9764570245642927,71.01539936836927
5.045012539746527,69.71275119440115
5.5645329030558415,61.492628203901575
6.192489889519251,65.20093895712724
8.496231729751095,37.07442359521348
4.397716475108519,66.6245457753457
6.599641068895281,49.78360730647144
7.146901982034297,44.419798495939034
3.325152889039984,64.12472608586812
7.252813963310069,44.72568199216369
4.193668865811041,58.337012441176405
3.4553611508969566,76.45108458811367
9.642198760773333,21.77935423516718
9.759424231521916,22.632401964854907
8.658781436815229,31.978030390438857
5.1322963842135945,60.640733103783525
3.683704798044687,72.51969503620614
7.789631185585098,47.23941145199787
6.081067456177209,51.691114937899435
3.8542676439134516,73.61210169351654
6.466238370778891,65.35614968815605
3.2407196478065288,77.68089024408633
9.365242814551475,29.145870042055257
4.811459871200118,60.16606984422079
7.637655990477874,41.98050207114777
5.181977532625877,56.86322384743234
6.640476148244676,51.74368878966361
6.826971955402957,49.52511174887966
4.293981188678689,57.11592849740046
9.787092394351909,26.80461361846035
8.425929763527801,42.44504876992034
9.576492590949325,26.474874638753523
9.26379145299354,27.541604402248474
7.185299851677596,39.44243349907195
9.453119645161818,20.10198156071917
3.6194475143634364,77.12205615347823
4.371880036934016,66.43778414436561
3.3165910223737667,79.08753951225314
5.277312315342851,68.2388614900827
5.720741027826374,61.87638512952031
4.899443222417272,60.692793645873714
8.801162564063505,34.9859342670834
5.497273286855124,55.86542694304859
4.966541567811666,59.362036179724335
6.798872582107739,50.93134913517598
3.9864695748233387,66.06244750902658
8.615378865278277,24.60350950751082
3.521854505758396,69.2535204737874
9.908208556203622,24.458346600393696
8.405713385076602,44.822311616990234
4.391009770739207,64.74760308189667
3.038654819865217,79.86303726155009
8.708229999183839,34.11419471919931
7.94800140693332,46.7661267116838
8.10305017628691,45.26147925164289
8.39889242680162,43.14714234507301
3.5183125621386324,65.05079809673163
5.509260099809908,59.88337856578656
3.811083416675908,75.32861937525578
9.041723981129156,34.37246663008752
7.363086887792905,48.185976698525316
5.316286173968544,60.582890875484395
3.4449084520021653,70.54507103350244
5.176876252009635,52.846941566600606
5.276283254187229,57.36208197646224
8.107243248366448,52.83522743615602
7.462902299486492,41.82918928948227
9.210489198034285,21.407266943194543
6.305504476133645,56.56562782285278
3.8371597215681117,75.6164550279368
7.992713510560965,46.736755434472904
8.325495340318282,40.16938319904704
6.9289403829864735,52.473767236179356
8.396770259681926,46.48320356714021
6.456569174550735,48.04666805784673
6.659129805673958,45.5417986189295
5.992787128509848,49.76522376063497
3.1779338872086664,74.93425362706172
3.7552399889531314,79.11814903033776
3.22000429980714,78.58920743658405
7.454872878846463,46.76087897606182
5.200491867534287,52.05949705177281
6.559994838152919,47.535585476926144
9.352965317482651,20.961734964581556
4.745045604042124,70.41412423452087
5.872680461249408,64.06350002204258
8.288857969801342,41.985979330932565
4.601587158441357,60.69549727936613
3.538859368801551,80.97735822783105
5.028260170396376,61.17621002220517
4.1285490107780305,63.09038851873158
9.50788356639801,24.16087308236184
8.656842656950918,33.18877948876228
7.433826295572964,44.72251477365805
9.100224131314024,31.22109838129727
8.625704538293801,28.50880010282446
4.3059904122022505,73.90390631768892
9.247912989429844,30.17165945945421
6.775395693409555,45.82385964784345
8.652081086148439,40.926640012787715
9.272639099464453,24.822971717303048
5.226024324803047,52.820876540771955
3.770363471693737,78.20051253988585
4.595546137793592,75.1314888693277
5.989754520383794,52.95032778384821
8.72610336145745,34.59238458724033
9.025114082794405,26.855514332674062
3.048664913718335,77.25611129949945
6.57523111804296,48.50918915591553
5.921877022041453,55.25716215380166
4.554754673295111,68.02552469156058
3.8390575713357795,65.83425201086469
5.363306199825396,58.13087311709997
9.600367927387634,19.273195064546492
5.262420524145287,58.91853740044165
6.631534352203563,50.00000013743686
7.921132712266245,41.97970309394778
5.545407216655057,59.77764786225519
9.802474579046724,31.302123457660723
9.737131064594779,19.572246533009846
4.762476070777549,56.996316989608765
6.480739541246698,54.238289808291825
5.106148168717388,51.665910418843374
4.993883460642273,63.6157551243283
3.25820863148173,69.76204180398393
7.266950337859278,53.58513970128275
6.51875316260203,52.561827539047215
3.3603512587499256,73.80479386419013
4.95052524965628,69.16171334619091
9.357861201766575,24.786444334021027
4.676933234668807,60.69959791334866
4.014264104638562,63.709037452128335
6.426169321942941,47.67590459279088
9.899553178774205,26.362979883796637
4.694386900580502,67.406039013911
7.70494883184115,47.25663871865216
8.331337307301023,28.647235121335108
4.6634628079467975,64.307945626913
8.097514440283017,33.97652266615045
5.574481929034773,57.33616234853574
7.4261408141550564,56.202845133887294
7.434707975326263,45.92734546262286
6.750422788523309,54.076483564375536
3.6320283903808583,82.67479601252676
8.847117469124665,39.55513681117451
5.245460454802151,58.58058103826993
4.3056295727989795,61.46085905176716
3.2854259908833474,75.30949090125033
7.136250602317693,43.858771335919826
7.742950532895977,34.54307826893641
3.116114802494993,77.92947099618215
6.584651408094967,52.146784120271484
4.585470426385566,74.59539149732574
7.516209532866149,42.05046283116167
4.22056500303494,69.87599806557596
7.836564166717261,38.139030584367646
5.707147424103762,61.737528378176044
9.557109921157142,27.99211963115851
3.9626466090219528,64.53889943539622
5.387464457351809,59.69212575996466
3.7943146486841233,73.61179159358124
9.47285532794994,30.520897238389004
9.141375473666868,36.94993185426531
4.80559139400609,56.86537958069443
7.6198883222392535,38.87115865133764
8.720555401408511,38.06261058847883
6.886405681196236,44.93711864467492
6.707554048492046,51.10171385321984
4.692966036303162,52.84816625914084
3.6517193746412944,86.30399491187197
9.280510305673287,29.33261770717195
9.302926400143313,36.483559434793335
7.4317102009128755,42.805938760433804
5.373208537340904,61.93945906174563
5.4444670222886264,66.79331461559441
8.081689752091677,45.46457454681985
9.279771819668039,29.664451430025917
9.209604969855821,30.534551000209017
8.459128821003368,41.83417673834097
7.494221523080014,55.689734939761166
3.588979754965342,74.15429561180261
4.131400998662296,78.92670081081741
9.289879319689554,29.404158463658543
7.24500341761713,50.6447961476617
3.0643793613164076,82.61705164941213
3.7103008000622246,70.23689808544174
7.644512383756391,39.16555703650757
3.0354310869235306,83.0544417338368
4.125656359922491,66.5265062740446
6.841136525566103,44.42984226068265
7.843266383848853,37.99659936939076
7.5637288165182035,40.82627634295263
4.569885166223918,70.14930429127942
7.985254549432751,42.93105996718612
4.6607436124776,68.7658622328215
5.277797887114874,62.685514948031056
8.225439835826169,35.59263309064104
7.547430293330502,47.11159565260011
8.944563873459245,39.102759623351965
7.603290246102404,46.13136346676432
6.9781602233483015,50.12640211156206
3.655723374796647,68.85908249345164
5.5740106214160345,59.42520353244686
4.856416573772078,59.624826968424976
4.707927503653585,64.71500172083125
9.81107388326712,18.516945841579616
5.751684072667323,48.87623222525678
9.244325886239793,29.996243708062636
7.41797038198084,41.85085617223519
8.56367912479154,36.56936374007314
6.518459651736345,50.63791492155712
7.038327192384513,47.57967218948115
6.447623856732047,54.88388787088354
4.366700914586311,65.06751536219797
8.057164806830537,38.721509233244845
4.965406537085991,70.1870624761387
3.170211765020177,76.33620093608462
7.518306071350175,42.947566155782425
4.239774755849343,68.74447147143741
9.5832100904704,27.613437106742836
9.677500039018112,24.168118874406282
9.40405073154314,24.76830235328073
5.591110901788111,54.4212345447927
3.108196315702072,81.14858738949064
9.498229938114077,25.90547379651289
5.997289038221201,54.42990739612861
9.766583733305687,30.554270136484526
9.74533983962477,25.817309583431417
8.971066188271521,36.1593436843087
5.061142244487099,54.49291373057424
5.695684100213477,56.79472067650819
8.957956700617999,33.48493611124058
5.218454036093943,61.137565728816924
4.186449226802647,60.465618135794365
6.897608837208451,54.495347185525006
9.553083419125468,24.37191898421394
7.872208576724811,42.87540497636602
6.990428190625555,47.82631103023396
3.68023545639538,77.52981488704616
7.305050586894188,56.37392897069595
9.930376950729844,19.3753478328372
3.9805881066556683,67.02327788859361
6.628307566546157,51.43673474752151
9.141611503495689,26.1919187146259
8.185380324279432,42.77196290740582
7.879110186966876,45.36553235715337
7.917388587909765,43.660002285843646
5.516438058538286,59.979052854259834
5.055142909851454,69.09023358132524
8.665528088349596,29.496561283543407
8.670793762754265,35.56169883825587
9.069506230060725,28.563245898713756
9.392683867895299,34.2929355623348
6.579396792026564,41.68989503990632
6.510614062810397,51.2299394400216
8.588066252767426,37.52946676413853
7.549747515444356,38.87131270251321
7.913768140803923,37.75884890117752
8.570548686052707,36.061011958895136
9.230037392722963,35.83368890565151
5.365966097960751,54.75571612929559
5.629080668479608,53.66253448079362
3.657873578886083,78.30623339129244
7.047960986973218,45.99188368269706
3.2515959165771946,71.8252035643715
6.259186126927221,56.89177002220699
6.798512442953037,46.77897831950064
5.005788764897991,67.747437613045
7.135832823983075,43.38181887815774
3.213501749573346,75.1994621989113
3.261437321244501,80.36424882026431
8.758203924617607,33.45116197033864
5.52133448987884,62.53983786213346
3.8894235885631936,70.62104315840034
6.655702820383631,60.19510831275292
8.389954871690275,45.17691699844562
4.510747192477902,59.66745592043318
7.360233330733002,47.6355275106642
3.597432254956376,69.04772816586932
3.3617720481802538,75.84749637351561
6.719482420977036,50.15211432245617
6.784445851270746,44.04809562248556
7.462009310487446,49.556537878194725
8.08263933605863,40.64496645399038
9.830964556237742,25.146294725757258
6.614102438108367,48.40682533010149
5.260695310588722,61.40524478403602
8.566303363380925,38.05545167060437
4.895825758834519,62.80679619290476
6.072799944939453,40.47791996100557
3.549194669395862,73.57450202054626
3.1774552039082025,69.05926667416036
9.738538902745475,26.212800754744706
8.851860843585442,26.860094687488136
7.871819442655886,34.12063772847453
5.862670610899889,62.38564310667966
4.2130602404959205,66.93098643695569
4.095059298697603,67.42951837517522
4.751700287152167,66.92080979784546
6.844586652942843,47.02286921912084
8.002171458900436,50.74851981921724
7.621381637024119,41.70861880193272
4.9595372786216,64.78142259480565
9.684056964642359,32.52171144050757
8.165278416870379,47.022462899770865
6.880478367579805,44.897705659318774
7.282045223640465,43.5185009520646
5.937200436994529,62.026308755164116
4.7341169265081025,68.68983623091503
5.491808750558831,64.35598713394748
8.304922773250585,31.124630358622774
3.100754420408291,84.57957587274436
3.8125084835484135,67.71624442557776
3.3220184941522692,76.14835725167306
3.285101616232791,74.72152070806948
8.98822408807705,28.471965659266306
7.925605015660166,33.73870723651264
6.319216803611276,44.08071913457117
3.6848391245570102,73.07197318216183
6.441311125817826,44.26140680324926
6.31430239546396,47.167588864358564
4.212413089370106,67.44610070780494
6.036961544665811,41.714162590213085
5.789533140781614,60.651217269805706
7.310950686365516,33.34297445540875
7.445655556073507,43.99940407970661
3.317128068404312,75.29851648458241
5.622288302385298,60.69582691143195
7.381019409999655,44.66064791279766
6.521953810060614,61.375198766963734
8.995428888318255,33.89214953321906
7.610855421332615,48.420402921743
4.140540989570008,65.45579935375423
3.493981231803009,74.5062374501223
7.49693494744421,51.741096049712944
3.1855791737913526,75.0175211008029
7.100429068914243,47.926035371130844
9.581611689974704,33.33646512860068
7.0283192451311525,43.79232287702501
5.717189483445654,46.488872540600184
7.503017529096472,45.23568129857133
6.207770233440616,58.575731918115764
6.819317525211544,42.307335362735905
9.590253661435677,31.718748009188936
5.70271846460542,60.78959432846033
9.7283339467674,15.96880602655931
9.337454493692446,25.574434752420924
4.3705379435250755,65.37605636868257
3.485529106126158,73.0674647655718
3.7054460096419866,68.6072911010435
3.127552779560848,72.65439846500654
3.6611007252914987,81.01160451116657
7.781047413914498,41.343332526544906
3.498320539221603,70.39482358843449
5.232829412056329,60.70865092824591
8.914127176786181,36.10328506088624
3.162903550150781,76.63349933562405
8.70127937812255,33.97901411440206
4.972983423413799,59.60527908478525
3.827153793351594,68.10323790097391
7.877160157549055,38.17419264219845
7.402599927459188,46.401933862714905
9.14230409468937,26.74261167838049
8.1454973066272,41.12529366728075
8.624366512693939,42.64711006826193
4.974242007999146,64.47449848844659
4.24207680645806,66.46678565487646
8.254303261486008,31.85561028316654
8.647843174870848,43.29731641560378
9.933535994004714,19.95348620351063
5.888323738379985,60.26123361249254
5.604126600549482,61.33376256645646
8.434890725193977,35.81354220257978
5.385624781771125,58.458331913226644
9.515301279224953,19.748932963498916
9.008889262901082,34.360350736304625
6.002958191625129,58.26181753673283
8.256097474540482,32.88744263649092
8.281800118592777,37.36175543530071
3.7218670818515283,72.38961830820398
9.317870346756965,33.325020657035715
6.536766607135,51.19403330432257
8.785202262754192,26.249211235882164
5.240347207214282,58.20865690018363
9.268662599473403,31.892833202979457
5.724411751139142,61.45037073136063
3.0758635603620883,73.93731101918071
9.337673834934845,41.19248896464077
3.639006737502935,63.346851034115005
5.235195463132904,58.07832472433414
9.650433769355635,27.502978042249953
9.654250028562892,26.88589550886183
7.014065216863003,41.44922624874128
7.422860485188595,46.7958376886269
6.1391186538482385,56.00063463933888
5.0524754018864515,62.501421302413284
5.3006518175894115,62.06713265620205
7.707629192539269,40.310627852800096
8.26662170606376,30.16741996704602
8.54105330608094,32.62122714297066
8.527326999561877,37.09222511521519
3.638442721340833,73.63715125079437
6.4609421329180705,51.94826790252017
3.4029113201165098,77.3262220141056
6.846702176266149,45.95429015759435
6.090713509613639,54.64012155501084
9.213929279308099,34.03898701331651
5.456405087864551,58.82009846021981
3.819469114993241,65.25467155001715
4.000941774369851,65.30837807273987
8.330574422022305,41.93081518589113
7.327526443213827,52.230967030059105
3.7078587328595316,78.18135664322969
3.5887476428049823,74.35539570072582
7.90678392021384,34.926303196238436
3.5093410445493545,73.75596879448736
8.753020415032493,42.432459103732874
7.943695590095474,43.75870427386591
3.5694414644932984,72.30143171416131
3.593863998596343,76.29952658936836
9.90647704950823,19.65870943020569
5.619895570292842,54.545033422616626
5.594495029468236,52.79215727149247
8.68959697080252,37.44277040668061
9.63074004168701,31.635761651029792
9.902007446760097,25.269940070419704
8.273647296812591,33.837110184289386
5.63381709871641,57.8206609609274
3.5845050168906814,70.79340588679091
8.440028411492058,32.97815684341373
6.9088297481506356,50.09094018215053
5.969554064728834,51.6217297536964
9.344480695663151,22.371648534641427
3.7783823761430595,65.05760746093661
6.448375730036014,43.81893236795811
3.0794755133719334,78.23607493745199
6.280624493958884,53.8402439231784
3.3941229297728617,75.1509241514049
3.8317254138765033,74.3184036475887
3.8226837274397343,77.40707461152785
7.544472114812445,40.68684420157821
8.222314154857962,40.617567894488275
7.083581355680117,39.19262440886237
9.735207839321793,34.17849298111523
5.624094056665928,51.76787442349852
4.999984603973025,59.10327728154918
9.080193897326222,29.188883425687738
4.565170869636169,58.2700762160421
9.74255777608428,27.392923353963127
3.0850813228287146,78.02616329910666
9.789151786953473,25.934953099182145
3.302119383654033,67.63428635670468
9.238001795886497,40.91564977427711
6.6939077636040984,52.747439599530225
9.950753572835103,38.846081646941
3.5165759531477923,69.7081407743462
6.876979990809246,53.42327785661063
9.785117749333693,30.80852227348851
6.661684909191042,48.78909183054891
7.405790466946838,51.739284310676624
7.87024082289232,39.187867028971816
6.181787453374413,52.02200180061202
7.392906560588444,27.423113932540932
7.090200183461702,49.086404294112384
9.308106073436923,23.847540113026607
3.318124662390205,72.46237052720421
4.966742327145612,57.77088077003996
9.65288038853591,26.068713863694295
9.231846487236414,33.26409551444204
6.18959726949999,53.82383295941721
7.340928184610757,48.71671122279967
4.941668280867929,69.41741187515282
4.316848118066329,65.91224527336391
6.245888834579875,50.95483111124938
5.47346559618237,63.905755997874806
7.0855927829561045,52.26091446314578
3.544142458754894,77.23073918820144
9.820763653663166,21.88500933353745
9.90347521135722,28.141382379740463
7.887131998138216,41.63610506132561
6.752674564408842,54.82498425633066
5.166693314004294,58.54412732444404
8.69656513794864,26.709812622923355
7.793118207877155,45.24215197026722
4.138318575414239,56.29787132970261
9.376490291456896,26.30674134067655
8.757760700462182,29.469799337782874
9.648599393043469,22.782174187270268
8.08003655871852,35.902735270821005
7.293906371550529,51.606592008956895
5.927701254034332,59.82707859205321
9.529099383478092,27.565773930964973
9.062447226502858,37.97810332110267
3.316530690743326,69.91639656063236
3.184568821480764,70.22212640631237
5.635243568146347,62.22673501608603
8.67387331547283,38.11057194684321
9.91093290520461,23.671086392906297
4.052918237724697,64.05028836041697
7.158915007464946,53.82667269852589
5.66623599641715,49.076747641380464
9.789400784702222,23.88803194186773
8.89483246194996,34.7048312847534
8.868300932977965,42.77094427848273
6.280852118564792,55.002017599284976
5.903736516363656,58.30482425182894
4.913849503514943,60.45013211250221
3.39462847655649,77.48694873150937
9.053056633785372,32.90667359290198
8.690307063910543,27.14728472403903
9.998023713002915,29.286571479935215
9.976457859517337,30.334945698368248
6.888021939218392,52.56821648448333
8.382911906263573,37.55226953230758
9.613360109176996,23.414175430630205
8.94753173474188,21.62240402791408
4.731436712202384,65.44481202598624
6.1538089471706545,59.445148672994094
3.904115906060465,75.8167024100996
9.678357190811056,31.789942243891186
7.24322244115616,45.52724206066733
4.600499638524239,71.07487137597423
7.701904790840997,47.09307622521086
7.326897683205271,43.16013480033439
5.507139026229884,62.24859131873666
3.794903145397403,68.97498572819866
7.7010123691495975,45.17905401724011
6.642153906326553,43.8922667790755
8.406228742149475,31.10041073487804
6.641144507783954,55.68642472213113
8.965270502229782,37.723627360184274
6.863347871421398,51.903746622880504
6.926565800747704,48.70334020398774
9.136575218608415,19.799930601605613
5.824380063486779,56.12165737186932
3.938106599154485,72.8560696781599
3.2014787341933726,73.4135721157929
8.285960789715332,34.54731459857412
7.342166859474252,52.38135469369728
7.928558376694565,40.477881597179845
4.490749130562375,68.73128433318811
3.9546003291073886,74.33261475708726
3.1018126596751734,71.82448742840927
5.454112911646179,60.22770558701211
7.129423807982431,53.34651401164836
5.745708315698126,66.1797747971197
6.062324454166103,54.9184442419794
9.32911086145624,29.128481156709128
5.437788269163102,60.72872224460622
6.5979264241186755,51.9363829681466
8.485571089188001,43.552629393305985
5.775799476248891,51.876940937798004
7.3546069015951145,43.66696908436992
9.036545961227215,26.917743296515674
9.646644365603494,22.885975772727296
4.029514366503266,71.78527312218924
9.486113376130461,33.194791350221266
6.444814051556767,48.61487943003125
4.807710718092709,67.95030554714583
6.213950293667829,59.14411871703024
9.860228026998339,36.024662651412456
6.448326657950087,52.184335479708324
5.301261272012558,57.20453851303988
7.43380598021708,39.46241425441695
4.681019331447351,59.527159866992626
3.5310432967606475,79.87452974755516
3.902158053374545,63.27818711239329
3.896320872704407,76.98600582976212
4.06331885458606,65.30770249632185
3.9717902085458707,66.90753032657133
7.486123213622502,43.326224236174056
4.273160590794014,64.56426686327887
5.419670983267043,64.1788238763017
9.277518869342082,39.770274019649804
6.317731481840107,49.523893223710814
7.6729041696471905,40.52769185628206
4.206239098411409,67.76579136922696
4.346023131660695,70.24359224125244
3.286080313865352,74.68790352830884
4.182545441505152,75.69565717077703
4.950132373223711,68.75916304990879
4.239073389937228,62.409834909731664
3.6209177362993894,75.55916913728944
3.844451097704206,78.88638979428464
6.22545137622908,51.02641582269858
4.444336028840548,65.33265687660044
5.549889027336528,55.90610424349581
6.5239208959839985,48.735588141997404
7.832763800405557,33.15258592276217
3.2751849788876926,68.8951305433977
8.595872792363298,36.18233264225215
7.395302726436355,52.33035561645901
3.5723132236421034,70.25056527336577
9.11505036874744,28.703291510831296
9.446106803722692,37.951928042300615
3.4275457189840464,68.85739198407293
4.938143537030426,54.80937570498651
8.64340895855143,31.29732562711494
8.237817832685607,35.15545670400244
4.2916471354946415,59.207192890274875
4.465445263356973,66.00610178539812
5.593304719539674,62.96423674170167
6.391660896337149,45.829080170856706
7.327783400712072,45.70457802096097
5.582395476988407,60.28316762781344
6.237743012932035,52.99158942000598
8.232296566936295,39.43908196198484
3.2567824202341855,76.66079559521867
4.767058610408146,60.32983405371727
7.993447101191867,47.78756694523129
9.266447863810395,37.02503094143614
6.5817420948096625,56.78864011040608
6.7247943968572095,54.83896320929716
3.7502040793784324,64.11375423506618
6.131886567764182,58.82949479423478
6.728320865185163,53.02225144231833
4.697293525443108,57.23195116559722
4.884702616645667,62.44020528389041
5.6409891417323585,59.24980363169476
3.1404983844440846,84.86430354273429
5.254554159082248,64.3758492442519
4.480136048975813,62.21375199479726
5.292481465245403,68.94588233401264
3.8383349227347585,71.54927588397337
9.233690965179264,29.75171174478129
7.155147174878341,44.92056536117961
7.753716234011427,33.967496406728884
8.52419867025137,35.78147107673642
6.489095392503401,54.01851416650388
3.6084420166119657,71.12059639548158
6.759745792729834,51.61178490612031
7.107887826146154,42.58719460145069
8.21807631929031,37.91219454458118
6.021616823607756,56.60552084123653
3.8930621195689463,71.86990834737747
4.986431340591071,54.72759063433743
5.541576074790446,56.41335130200122
7.521420689321209,52.207669206745045
6.995448132682383,45.2867638602898
5.492677081284924,59.05265936526033
9.905606741550859,25.578407289949787
7.24042373549821,53.76040008218857
4.660587542151961,71.6405773539699
3.712477308342826,76.30809864004736
4.070013974290324,64.73368830900502
4.721704098691557,66.52815492290699
4.124769612816889,72.03062304375304
4.30596916835914,64.34445877012938
4.995666180856929,58.33335288666756
4.213615167063284,77.0523721722368
9.277357972384976,29.200739484108663
3.5616362196314952,81.4720030316196
6.671579726991783,55.15352889524021
5.87277778892763,58.17392450118489
9.876650318360245,28.491127043120557
3.7842723151763664,64.73208836943836
5.784989193320191,57.824132653843286
9.786293032927581,33.98847637163352
9.05854988125786,35.74579386566403
8.719504496644959,35.643206873506635
4.805319789314579,72.66737611321804
4.196213111730461,67.73207875854682
7.680502539471017,39.53434827642625
9.505631923893102,29.768872098605467
6.897340251097509,52.31412694052113
7.001288826289299,39.11639793943553
4.959853655621989,64.37777564190877
8.38645053234356,41.41092396992085
4.309306239902663,66.46434927844899
5.265754654829706,66.20339407546393
5.978055070314918,58.55412773272965
6.553272650791185,61.75864514846499
4.696868126905562,61.1647321759314
3.8038577731744248,75.74144602803763
7.274340297091428,40.57924923554234
5.02041387268179,54.42425856094672
7.068667549958286,37.02444321841239
4.080539006919416,72.21290550452247
6.367980712983723,53.35696768119369
6.7281260278611015,47.350444313541544
3.362764757756988,66.0150251776393
5.356229947357444,56.54085123906192
3.9409027385728197,70.58473371439068
3.4436247933093744,78.24442691554782
9.929721626729616,25.74938630697155
5.256476914823061,61.99817005495524
8.669121120982444,33.367189397151094
4.782484583346347,73.0243738406991
7.7705190555675046,36.86851928826775
8.321595019227805,34.34743220945829
7.16947118425491,43.987375845380775
6.301033319851109,55.64929935601224
5.8828863990308795,50.86473753616299
5.442077865800967,60.0301546307264
9.506704009734781,29.81625551912422
8.814335854514104,30.691411010605115
9.755188374665588,28.78560121319276
3.870080564398813,66.05419028641059
8.11607232642551,33.79336044277131
9.568383197747265,29.029034062926453
4.268631463159621,59.817591035273786
3.4654738715674425,63.391369545218694
8.187844545030414,41.50681040100969
7.021311792259383,52.80066086354178
8.892801437307904,31.243103358487225
3.9784066363840265,66.94378806075183
8.56687118301923,41.039261505389995
4.411391240334211,61.322364207109395
4.145591600059932,62.21852581813399
4.149860585516951,72.54168478516335
8.702023041619675,35.04728836544028
7.656380544873401,48.13668443475645
6.661457973383835,39.54233300068974
5.5118133888645175,51.827317126696336
9.140403785691758,31.799366391807695
5.7471157519584475,59.161514828487995
8.716196076301038,39.131220415792
6.073944359991529,55.50605869511847
5.638611005974353,58.70687513899315
6.238758499687245,51.45391811979189
5.109645119148995,69.78912160400843
8.233265661233759,32.988263293047325
6.519042730647354,53.10250339651822
4.625488866027721,60.511854635135705
9.297022012921978,33.23177242319205
5.68723854961248,52.33529846372706
6.80487002779792,52.8915551759921
9.345304776751828,30.75776663589645
7.369665971397945,53.67704987585533
3.8182862849585484,70.07502785200988
9.578824865294326,30.57784405590257
7.393956371499925,40.87414065154029
5.344339302599603,58.64213396901257
3.9749045086437107,70.83904711364872
8.558176324892072,28.44043014892913
7.340509291499595,38.083513931975126
6.7342276438342505,52.699421382175125
9.257248081356703,30.124528473582856
8.520180478571715,33.39569895513936
4.061724158129258,65.9768879850942
5.1820544745688375,57.80130688545089
4.73942397870126,65.16263839279428
8.20762404800874,40.92008444453485
3.2347270431504556,65.37836106274676
6.989227794099216,54.859626006324504
8.337210800184835,44.435488369889576
9.137359457332245,20.09717123533868
5.394572241011352,65.13602827791065
8.74880113270409,39.928792728851036
3.7744221586864506,71.80998728217547
8.925166042141626,26.84953533901907
3.8924206363238767,76.00253584247942
5.781011033922571,55.61381743516607
8.581067560456876,38.649942785345324
4.049421991441417,80.84971365361558
4.60475976662849,66.86491414192076
8.055767978751465,35.24473814188419
8.040255755822521,38.26637186200943
7.488033430197081,40.12250675529139
7.8576391112697,43.47649144782679
6.799071103433173,45.18545271677287
4.76259341234867,62.06256856980785
5.419871954527436,53.095272117558935
4.271184017609979,67.4368681747655
9.359153929335399,30.977572580906127
7.0837425633628435,33.665557603948244
5.805959917345479,57.93149021780633
6.2340406255089285,53.207663833009775
9.630983377282707,24.238466865387252
4.073459821812561,79.71730647509963
7.103608824117581,51.73349368580616
6.541220752191261,45.659736207749845
7.280179648042535,49.81343738760031
3.1267712867458837,82.86774005669609
9.10486736260906,32.65324242816798
9.524827977385286,30.663541881205013
6.9559322851244625,49.73588275025219
7.876555767138246,30.738669645099115
9.45749566824107,28.424908014811724
7.95067044019379,39.41960100851379
4.067773300399829,76.76741429373823
7.034018521167692,49.12954027066553
7.247005324679991,44.38198670228225
5.968914699116702,54.965842766221456
8.15510964937306,44.20407811689105
9.540569103383104,27.81583340152599
9.478979590347434,25.70780876587982
6.155875599828924,52.641490989041735
3.792666320885287,76.37496965732
9.893888392736342,28.580538274397526
8.872286605121538,33.9516899762381
3.872638768422868,72.03184831873489
9.445893178321606,26.647205951527702
9.089274534434898,31.13985811266177
6.6318663998825045,47.14816872392879
7.1389280502145045,45.203405210287606
5.793018927090912,63.46117369136142
3.3833314717542193,69.33956911285321
5.346380691521306,56.62276295054525
8.61997414018608,29.343449863791623
3.0324241610322202,69.99541159590032
5.334494201838009,59.22127530770522
5.787180855136603,53.6858426958157
6.76176922056546,58.30285361178066
9.438989314889323,28.083252522024853
5.4244219605617285,65.93042300844547
5.428672413273594,64.29172321726143
8.162508736768238,37.98711352960231
6.16552558622865,64.4986013516658
4.5722337605798735,67.19134637653637
6.167076612928854,61.50138470858236
3.9859991426585992,77.21041517510531
4.234708905543563,70.44298618726094
6.488574409176358,55.29063349269672
5.932478146531835,58.80897859433765
9.4039213074767,24.038111087643205
5.536757293816432,58.93082568393244
7.064118451946304,52.607312118247926
7.425850015436713,52.16513087897948
3.0916611961183356,73.30429864070491
7.644761604116974,45.54324244382496
4.2462517680882605,69.03788038162415
9.727492222286186,26.75320408046824
4.040639094271791,71.59932241452532
5.902368866089166,57.003503411721326
3.597447676550507,75.83667075243379
9.978119762921631,32.67914932134836
6.515365072318698,55.25551007148881
7.167695121240307,48.0153884330752
3.4695353417189922,83.40817205822034
8.249723292794243,43.93010178581365
4.4693391516691,66.15523355664764
9.286380026084997,24.551765730209564
4.43597748337405,61.92726020114416
4.334814044645666,72.28819454683554
3.255847674936664,72.52957876633847
6.304468615769995,47.86984077139912
6.953887932838315,44.26899263498527
3.4599604759984666,70.71964262819051
8.428693316865074,41.29691377420711
6.173021843236193,53.108221371628176
6.67073188529306,43.312519888760576
6.085339228567597,54.702082802726544
5.805341426127281,57.74957276070595
6.917482319157525,45.93465891724457
4.086681721514988,75.25482911876541
4.273496913466898,65.9753330922753
9.032499347094621,38.07536368408822
9.62280823493543,31.10840298729251
5.61316521395827,62.706688811278966
4.895212712004876,57.94349994302611
7.5079968026731105,44.412172370672046
5.861139197686675,55.95733253798635
3.177704489622414,69.1547823712707
4.093068181563332,74.9530050474792
8.011805601931783,36.07052470029141
7.6124675933710595,40.09246000662469
3.1896719475243844,71.10884744698136
4.553805133530647,69.4922567683981
4.6175235761165,57.880745246010875
7.703249205191099,45.55159929240058
3.137973764280549,81.78414509444197
3.728760073892017,74.83471513941848
8.599412597612325,39.331666648507586
4.249812634380335,72.0546645328732
7.569222754963123,38.716185601609304
4.667279467327086,72.31242773545652
3.696089749315416,70.09246574245368
4.702205336996179,64.5459434250151
8.055868522989615,38.16522401500917
8.989875276744,35.309757245299494
8.811539051968941,31.493904767866418
5.780284707329184,57.15997652920313
7.676595955994523,36.4845869567303
4.434890067910747,72.69786186581177
5.052034111827092,65.61861492410604
9.27435072964784,29.26591919303499
3.0910134645751524,74.56658994215759
3.5985597159812768,76.34446799863599
4.455203786022191,63.18633994121095
3.185725427116738,76.83173089509916
4.270048045628581,73.91278203961708
7.081290926787846,43.05152421963624
5.949971854147486,57.40096015154025
9.248701977538824,32.497422213144695
8.722104932169087,34.365415947114
5.392721461885132,57.201270875178494
4.815964034019047,70.10217050613878
5.657846857170869,54.752078101167
7.132064597603654,37.66837221954701
4.876445485760134,66.77909989342145
7.369042354943938,38.95199523063653
5.865881565338682,59.64545618281432
6.864330265963861,55.40286737299942
6.052885703947217,57.938012376769876
5.061260316793424,67.55305353629133
9.639173148735097,38.102500395090175
8.345240559118325,42.50081029883349
3.980792230365168,71.91918959963107
9.07927583128539,40.35402921018668
6.4120183877465955,60.880675829450105
9.26186558825864,39.66433201592246
8.598986791631207,33.3109871201295
5.976494531284635,48.58975874117547
3.1572851582408217,73.65137191331199
4.880741515694623,67.06255173616486
6.791439502626068,50.06858784948521
7.434347538783031,43.43832393051766
4.805213798032415,66.91088880740251
3.975492518509769,62.95188229395082
8.844511657595094,34.64365564144007
9.890815264924864,31.714956042489064
6.679831276118801,52.85300515668631
4.201755000938125,72.07493752319672
4.906151285635582,71.34141475730164
3.1287347358322672,76.29986768861711
9.400091645923492,26.522564776898406
3.824257580230988,77.3830999869802
7.035615328599775,53.304577095951416
4.918386544810442,66.05462052606771
6.879246017610554,47.815086109589814
7.559942718463049,43.53952074092336
8.808192625950412,27.825221637327623
4.444948902324223,72.36413615901292
3.0769708006093635,82.40548031925044
3.958199410481651,63.87666112700843
9.300130492936736,34.87282198612381
9.117230542937607,33.921301955138304
7.181891715192158,41.24652316028445
7.203618023035574,40.164112690655074
7.655256721823788,44.68816124156145
4.227598950364147,66.43433198390014
9.40088362147472,38.881851844165425
5.931393674244512,60.45971372611785
5.681969697746482,59.9282065580404
6.632423936979863,53.07592094854111
3.3287617674253855,81.79086082328642
4.163983581292555,73.13060442464304
8.166235314984593,41.502881618122665
3.5795906754758855,68.36170608228541
7.222064766264717,61.36606451427791
4.717443767769247,59.24814752232568
5.725069298293835,55.675103927625244
5.020856157394899,54.224145884077146
5.489709015254644,61.68978177385329
8.033321336289719,40.75237418870756
5.0798520093622255,65.88351254177218
6.964832482078281,39.28234313984294
6.332352815393698,58.266371420166834
7.645698157538537,38.854913541654646
9.557808175273305,27.864967155299393
8.128004680471753,43.9474613284
4.504582650135298,67.66031538569193
3.2182819454289926,77.6214431393614
4.8358483100987755,67.87555796781814
7.165545514901784,48.62244136384683
3.3599806943897526,73.19780230135656
6.474563730408654,50.80728338520359
7.177899942418224,47.44560279968604
5.339707235718725,55.638416767756304
8.396385426220753,42.26503562122068
3.7461877719364027,73.46192018692055
3.5259644721506613,74.0374427758568
8.097321293425225,45.48127078646459
6.468439213443389,51.084806581745816
7.818816774994152,40.68691302411754
6.043791370226224,52.43404734815528
4.724814232673747,66.42434424004591
8.733716223719398,36.30762251974179
8.595911152782854,32.46325652105547
7.862875295980987,40.381462411639
4.905015960609739,60.06501953274538
7.13161466808361,43.20758510857354
5.526817278580188,50.06912957389271
3.641074513286439,71.64922030030422
9.421195028235699,21.119329546242525
3.95773041643273,68.1244994985274
9.651661476745616,24.845502732185007
6.12204041070569,59.53220195874969
4.2959305018703375,62.8377905918825
6.793306631648507,45.45291507729293
9.110620851134858,30.042542665385266
8.125574204866929,36.407040645920056
8.645928035030149,42.267361091168006
7.611483566975021,37.454812260557404
7.845935951624967,39.49943461710865
8.944369560957234,34.85226811188079
4.7476760620143015,68.94416435910239
6.425974745501984,50.10134629205373
4.548466092737216,56.43570596044345
9.913676055976529,25.2013929140754
9.608415377806292,34.99213584218012
3.2759876795795413,76.94164673649483
7.939026207609819,41.88322863859231
9.47673822190966,23.90043789629659
4.264027415891334,62.32239995897777
6.975616613868406,47.98732976935974
9.408418083116292,22.59393592795761
3.237621850100592,79.72408618043235
7.881941870727879,36.89428734496281
5.081443051607856,61.92195999604543
9.470773367635712,19.831246465460598
9.797407716157574,24.851346211949704
9.609865423794037,22.29185991681492
6.319499516602246,41.18806596672123
9.034298556925194,35.229446884022416
8.911845789745492,41.64066892428958
5.233703312702789,66.55533884529376
8.802408319054742,37.66074449247083
3.2590534430084483,73.58659052293821
7.1738891493743715,50.44561831119846
4.6100618610139215,71.68539352005881
3.8439682004409517,71.97240965406625
3.5386724114044643,67.64684133653992
7.8740214311469785,38.68975712817243
5.379124746376463,68.33525899999934
8.07336740070133,39.323985636283744
3.4574943855925966,57.55120552467774
5.207032364814273,53.76256652920508
6.7764390466273605,47.26259230945899
8.535062153872744,41.42830231717323
5.231267520524489,59.56055276598882
7.381239635059064,50.13956527556693
9.20184423765331,28.637977991121456
7.311042317276132,35.57026826224803
4.630716323275436,62.954047639632385
3.170805470895766,78.04107075045445
9.09069211730651,33.408768529083616
3.14888587595271,70.20453072937018
9.122911708789395,30.102378416104514
6.702559938190484,63.360031237165174
9.573473889590273,22.326637313362507
8.591482650415657,39.13137224853421
9.985538773733362,14.931772307012686
5.454982708161971,63.574130836982306
8.370318022517889,33.01807027792488
5.8135163952646955,58.58762220348378
6.359129342127362,46.04421352680441
7.392538242528591,46.2372784662006
9.115739799304372,27.36867699256763
9.888584284395066,22.564090736000256
8.377913897051627,39.63289149830812
5.924367475171336,53.597275064238644
5.949499015939491,57.46339501102857
8.16307611112224,38.07343983094589
4.671440020378117,65.44514488095028
3.7733187919197624,74.04143353041599
5.482355103485435,57.300627180393185
5.010672941578572,57.59359969176901
5.074156843191931,59.4381078476583
4.63525425734937,71.35365420241801
3.294652327454533,75.97216351874185
3.1251175431338964,72.43310969424843
9.914056728152222,27.956873714427566
5.994411936151036,57.56759822943917
5.690286530117772,60.09761545024579
7.757530978851489,37.167593173142784
4.527777215055449,62.76878014473157
9.649728287651577,24.53926942269335
8.504415100908865,34.67484818139671
3.6258770161858167,75.61188195320489
5.923065430494498,57.2398518145071
9.153828152935153,33.503520434369285
9.613124156039872,34.96691795979991
6.271810578749088,56.59850505197557
7.293879724474954,44.81091506985814
4.169237622644527,62.939344146001815
9.938180382958835,22.196149142787505
4.621701909684104,64.17065933129079
9.599122418945878,32.44705436941309
7.54752654294658,43.48870278657758
7.254157564152014,42.53563961323309
6.58881957711556,47.12175495305975
4.614688682024311,65.18367743122433
4.235696224038557,72.81230950819159
4.543403463491227,74.0191147197354
4.3050678350097815,66.81537227491128
8.457091314967272,36.607846749786034
5.450876814167111,53.216131281621756
3.4048987359437746,84.26379894162011
9.78371841098568,19.917590704662835
9.186501194743979,37.24170289986897
9.49426598236649,27.25792822589385
9.964354758525047,22.576547807863815
4.217266744536412,62.95000889872537
5.773694132318611,68.92486804750556
8.30766932992864,39.05509637430463
7.872144326376546,41.30710143982804
4.077271344378985,73.97935429776238
8.710831874934325,31.682138105639506
4.571084002856624,65.86649409012065
4.566723303758362,66.17151705860053
6.758820960253895,46.95570169679897
7.150579543891922,52.58846368417047
7.060603454864678,46.1690584110277
3.640407861784284,65.0430907128825
9.142226038412662,30.206608347472983
4.859200298120943,64.95113453975051
3.906604448979629,66.3529862554042
9.22123655908284,27.050968989821005
9.689560487608274,24.894602203618934
9.034893320858155,38.62197227550561
8.666612523074146,32.83079862509327
7.586693864473152,50.47839560691576
6.856001594263975,45.715808177499405
3.608907319379871,74.66910823474295
5.859172491494891,54.00494908161996
5.608819619086198,61.87653561529197
4.818276486322283,58.41954208024546
8.063940795820095,43.48241388678565
6.471130145551395,52.234622456688534
3.5673235113535355,70.15467984232718
4.54128241364868,65.24875349610288
7.782811345617171,49.53722757988048
3.532916016432101,74.30086088532288
8.958448398341382,29.573142917554797
6.466025689097821,45.679935688290726
6.3641060412865365,54.99169051133387
7.146854492616623,47.597322998214054
8.772766761476044,37.948795802005165
5.434664455315351,52.09581086583381
7.746113067913445,36.28076055770302
6.960123747970537,53.747238175370356
4.86919789118595,65.28727452892343
9.150409904486107,34.319971781506
8.581982151248496,31.085282065127316
7.609162842608979,38.26004728916231
8.954072103659694,38.0757640865323
9.071059406718616,37.43754739486557
7.958540837005243,35.11378153523246
8.859093298545705,27.432042215924383
7.882300231684986,40.58187703510056
7.7609854023221025,38.03423482978697
7.33027964750629,41.1471573486716
8.269016476903488,31.979456256129836
4.110235737051516,66.95730276791964
9.1660953143925,25.762334992883332
9.102904694216624,26.530793032412667
3.204730981241914,77.55490562169484
8.780717253953338,34.138316649601464
3.9020890723141166,73.27857247413039
5.345831979813993,51.82528259081948
8.204557794041254,38.76721090223496
4.1253192723381575,79.56499647480648
8.725769168833436,32.96336838582765
8.824939245704194,38.20774613126777
6.552274136325853,55.139221990321914
3.044701102017835,81.58424843321117
5.0092669322243895,63.41765894364586
7.318488428630196,48.1665436486978
9.868303246191964,29.785884634215833
7.422694689116678,47.73499746978885
4.818625067449119,58.42121833322651
7.438039921697279,35.90622697810794
6.779897658010988,41.59108474904333
8.458917766058004,35.467120405349384
3.7488644717887087,74.96829116712809
8.327195317514196,32.279736676364465
6.788866050732771,53.91186726503642
9.740944027012961,24.7307231484112
5.393105162270802,57.25357677164617
7.4283532519376365,40.334966922360465
9.524196738570122,19.437114804899497
3.717568095934755,73.37898973247809
9.560599410655158,37.15248317976737
7.815200056105693,41.312709701510215
3.4748594137362034,64.79212154679152
5.106744968627714,65.75797319248457
7.957204620516971,32.44136960353832
3.4714542102814017,68.02554221025616
7.075193221233913,45.961664463066604
5.421181398670697,60.12186056893553
7.34640862437234,40.0842497901271
3.32019423668759,73.81393797964871
9.100757643066634,35.59964649126877
9.814422784241778,30.954159561160555
9.78214498699984,33.19163935893138
8.247562822200473,47.94368424155518
3.9106036809144236,74.84002762435037
8.307842371503158,36.86266318880809
3.1721084152116106,80.60318263404818
3.1548648607029808,78.76899189605406
5.265271534046789,63.20401369908705
6.42050233283266,52.92952301472132
8.392851924654552,32.75111454878582
7.783067636245536,36.72555652749888
6.121318944637238,53.7925245037565
4.9153866639716615,64.03011950074365
9.979871501103979,22.060276667715524
5.983269115651811,57.42595896566759
6.159709170307728,64.39519743790879
4.145366748341685,60.31541482723503
8.563666841249505,38.94674190981484
7.855775580470421,40.99308900143011
4.545387289521322,68.30247820269868
3.576667319310899,71.13127384598748
7.763495114522992,41.28193191216063
7.5815784999679465,44.01852089185424
4.912816688987466,61.79659558309527
9.656044935752872,20.27352806386999
4.057405242466301,68.52450295208394
6.026343607298213,47.905345365963534
9.605311441173193,31.52114320593303
5.938091218482857,46.31897037122831
7.469681633648599,49.35008027859351
5.78316078573956,58.951730655608365
4.91950641644069,65.42174058899363
9.887843535718797,15.32331517562551
5.865338044205301,54.54711298310389
9.25869442575394,36.61197656396968
4.6096822412376035,62.975923120880275
4.491732928175583,61.05964946900123
3.2179385801915794,72.78094457430484
7.561667777631195,43.17834941166131
5.5796844060663275,54.06688676334862
9.05050774887746,38.568251500392336
6.3124693468409,52.527020755035984
9.777353995403052,24.192295798612367
4.298678609921848,61.385220583091645
9.080362175689276,34.598407101455265
8.436177969542193,39.29610189422225
8.396452912508364,33.32344371894201
8.913482596818213,22.24100030641381
8.327167936600993,39.85580852768507
7.383542251419907,43.916191143271625
3.918714143776713,72.41035748552254
3.2276832564387634,85.67738193953109
9.445934934709808,29.311447210536308
7.316552201645166,42.78138288469616
8.575761036833235,30.20857467287016
6.370656460587851,50.85363322874406
3.8211573227367612,72.26156823294609
3.876300545417853,71.31333806330777
7.798957010602799,50.364682978769636
6.012141264296239,57.58902270204952
4.403673086902357,66.43370003821575
6.441161827190058,48.3563145144627
3.4494625595259385,75.56833995255037
7.073799813400791,42.62872229493235
4.8829538310456835,64.42697463787098
8.582913704460317,38.32882882243289
5.172533712465016,60.282603049341446
6.186541043572609,50.63952075067614
3.0813437793567044,66.05807650413975
3.507128214561912,79.52343847143774
5.747454894846793,59.08711513192372
6.3595718430198644,54.63662277766031
7.200143836835126,38.41330170895279
5.041638050965123,69.24175484931591
7.864873202885798,38.92892502519484
9.020856780324433,31.176660403323467
8.45895692225345,31.47119362132952
3.2773317774385,66.58594159075285
6.363548630804803,58.25556416134059
3.734511248927224,78.53885267466461
4.694315111037692,64.10917511383326
9.906638152870025,22.607559287098827
3.9974688003105925,68.25653971333841
6.492217074159493,49.75969619538358
7.327090140226834,39.272566476425794
7.917254793808728,39.40248017511176
6.9175407844083985,49.09641649541583
3.0683959319342855,82.17205816003185
5.285229157707944,60.59433042405445
6.6239815036929794,42.64182633636818
3.6150654940138334,74.76577969926284
5.454388518464265,57.97995707882766
3.232421761539566,82.70816448943219
3.5500494800851454,80.63095262367722
5.778462933411173,64.16127682054639
3.9290102783014227,67.8451571912015
6.972785937830907,57.86754002297499
7.82625478396086,43.29817391496067
8.60410689376358,43.86536321510525
4.401051709713671,64.61418614364094
4.172378075813488,67.34232939399568
3.731974882340802,73.49494743954745
7.455011746805457,45.07577001602456
7.945330085408308,46.92811357527895
3.2211030137794943,74.7800123957529
9.55348572370583,34.46535373248235
3.3637989855603068,78.53599443935987
6.789074347107493,48.223498053794756
7.963423636156415,43.79229103237776
9.096783866222598,29.687190530733744
7.998608524926994,52.00713093296666
8.612096581488544,22.352122315332842
5.3761513477996425,63.20870174635819
8.703775796225585,26.166026060310777
3.560803924692726,72.27505207026051
9.263716592423695,30.3786069719881
6.833146633076153,56.49943841413341
8.721084389737456,31.398961703772788
6.1662279916281015,60.48273655243223
7.505043866375675,38.04859453535527
6.684818626552793,56.80252360378057
8.121126652287323,36.96925173801997
3.571409874214127,73.69128930778139
3.4224645879339466,72.75473840077252
4.729722638071025,71.0841642801963
4.116812760792318,74.68904555135195
9.102484966145411,34.228441219565596
4.53449791150631,60.371194386466144
9.83105679073392,22.993911638098822
5.358270542397748,54.834659953393015
4.274825409820895,56.829390166994514
8.527889549997354,42.609340867087624
7.610954428506133,41.51248378087416
6.487370015171972,49.85150539599223
6.8875448565634185,56.035465874503295
8.034412447905847,37.608729165170146
4.599183189319091,61.44502876356313
9.974337412397194,24.375088873446607
9.823552135027482,20.961730141851323
7.552279804428558,45.31163783209021
4.396797156504016,65.29075229800844
7.761597697019039,39.490046639230556
3.5053888628542307,70.84773069533122
3.2145675154406423,75.45836702830235
4.8037802195784955,64.53659524906087
6.238360697175214,50.80402169380787
9.077907537858664,30.400678787609156
8.090183488364156,39.16448816765112
8.198945648399867,37.84763589863782
5.978453341136527,55.5005994562084
5.421544947828741,56.121573907203796
5.597271340892219,63.21534170700828
9.913546946152405,26.43701926730705
3.2807643398873774,72.97579769122838
9.06922047285714,33.98131573165887
7.050727860006754,46.96425112101602
6.070307934327133,45.989999583503625
8.076803622905956,41.37680380027945
6.40668258997292,47.04912169516899
9.113962666571624,36.597341300825924
9.30491304807881,29.290191097930617
5.952046488114188,59.44281145757205
4.937794580645361,59.96710520772015
7.146452300153536,46.97074718956825
9.386543419316837,35.94043617124842
4.474635323039666,65.2325843966723
7.3607660849443795,42.066244316946694
7.420921540647644,47.84621455091371
8.131791156906967,42.4396306917167
3.9209737958908186,67.96937798996098
8.01077475277462,30.237923790354266
9.363227644659487,27.013255980338165
4.257781762091694,71.58420609598859
4.6628032744671435,61.29701585657668
9.799765658291477,26.748054223916636
4.266838668966429,64.84233516616081
8.980695653587054,23.259776062907385
6.4459449951362435,48.4759846720257
4.730617520822239,68.03132287748203
9.09524930890758,20.21371541269002
6.117136785018658,55.57019000957264
6.603721477507831,44.74456666240528
5.51463358579836,61.851832570988826
7.150655960044492,50.16129719347819
4.14466710809516,68.18255456246509
5.7375707565623255,56.296099846693465
9.785886256347013,22.87459915183476
4.806934028907893,57.36771591572847
7.597156651789046,51.74512549057224
5.276330449572864,56.26421946799577
8.414311879806204,44.99007516386133
3.916115625028449,66.45191052770252
9.788747315549813,29.510994518542837
6.176526789685475,48.1767165033405
4.652353243425248,67.8672161631982
3.5144772313100887,72.1214261425424
4.188305335612785,67.1537670132732
6.638417639892124,53.46587309365865
5.359022235019005,57.62622114803709
8.802183561178266,27.113227346681782
6.016212665632642,58.86971222903794
4.740999908113409,58.85861079967797
7.32001490622821,47.9072984585667
7.947440518198121,45.50327315761214
4.16929335530665,66.98088431128666
4.173334514018224,74.7399333916046
3.256699988534801,78.08369352752214
8.154814105459483,35.61005061017157
7.646631693352636,49.892262713950416
6.322416130248698,47.0677039220195
8.90919314278438,31.571182459248487
8.639691070650372,34.436098759331564
7.097480550777265,50.01300338173776
9.07789896359281,37.77173899863811
4.440888470257377,72.0936898226034
3.783437335784095,72.85916446920284
4.888247280618927,62.08693542682944
3.399607992625204,65.47743296522751
6.7181866960072245,43.249210044555184
9.55623984606473,37.45498489864204
3.2754047846795675,66.35470357079306
3.8547693980701876,67.28517005068299
6.165393197984047,59.67194369720626
9.537125122695334,29.813047291935476
5.213092734837254,65.70214256304673
6.550643660818747,53.785507991373265
3.2910100133527447,82.76641627243639
4.0384024067346225,71.31315216108096
9.90641086071193,29.323418492118904
9.755830875052318,23.509672228700673
3.0345798665408674,80.26551867783887
9.662682497962674,25.84602630747043
7.473839564708502,41.910222263392356
9.075428061640155,36.68664595937841
6.183178989437014,58.32418199661081
6.6091722000547515,59.07641059021166
6.421926061798441,60.14911077735816
7.668049802822731,47.31171551511869
3.9775587832941905,61.68824612763068
3.209815129108746,85.16337634697187
5.155509591138337,66.08186055483837
7.932765339156527,36.918603096102494
4.412974164860639,70.68277775824225
7.714027033274421,37.195393900279875
9.789384322750893,29.97343517816381
3.6573050105259286,66.1011911306539
7.708214827575884,38.38404359027859
6.106251535131998,57.94030395239895
9.076995780642537,37.56575235884586
4.240048526131702,69.95704740333717
7.848381665583152,39.947346190532855
8.866807027536773,23.196947168871368
9.612299536318162,27.15787607057793
7.7827361980275205,44.53593955771343
6.480223348058991,50.013530191420145
7.324930681408497,45.17510499828694
9.082334891351028,31.233351957160004
6.994268226471808,46.1492762002756
3.212709417877858,76.38274011021186
9.516640868548844,27.554010646590875
7.826687257220928,48.756678891991626
7.735593700440726,31.18854074889613
4.509726066784021,63.58635138302916
7.612198291628601,38.791029525067415
5.75705083957911,58.09449132115369
7.558630839290444,43.92814521659309
3.746151212155935,80.12988911610219
7.604917132221252,52.95240594925565
9.995896080394665,21.47237183197357
3.337484272023892,75.07387436143681
9.840219289549221,27.482105734859704
5.848355725060094,52.327887237716304
9.095274152360814,35.20670243033923
8.476698388407915,35.48757496230745
6.969113826906675,42.60751845155654
8.169144464759285,37.58447863139201
9.149608929109435,26.670577376121972
5.828982251557231,61.64489614912219
5.289232130942671,70.00100652591598
7.673153698945093,43.91111411578065
8.65492159358881,35.91029547947831
8.33599594343631,38.49823250256954
8.584695542010442,41.789620277577136
6.049083203690531,60.62115996630739
8.724839513225152,34.253406828528554
3.841463387594259,72.569959307196
6.811423685725947,52.38675757118509
3.040310623486851,71.60261185213797
5.272100809301892,66.68421018560856
5.565230744099785,67.10585701215427
5.773208841264788,62.70341010254723
7.868270446829035,35.00166481214784
5.71990670889242,47.42637619496098
6.140855358357714,57.675785806943594
4.662808916120293,61.371197419761586
5.612762541405381,59.51233571830451
4.59088739084206,73.38509073697224
3.5123714663791055,70.48031560772735
7.224140153669645,44.15305474223361
7.677489589885114,44.038246097914794
7.336432422067301,38.71453670849136
6.244458306604006,49.56907136449005
5.658500461254609,57.859326842648755
9.043335547002776,30.950462225950705
6.633572495953526,53.49398578157599
6.3542731434081166,66.36801194700823
3.1794944606450497,76.74713688664005
5.388734793383095,55.54143663442786
5.661369331501,64.8048126840963
5.791759466278304,48.79559727017651
7.061206584591326,40.313284664682456
6.7352178270881495,46.717211727422544
7.255335649554112,44.39338632777683
8.354182830794898,34.50485191476813
8.690900171012654,34.92761571718585
8.02686153358546,41.41878163265664
9.688665871684542,32.977377213198764
3.1276280787345314,77.09479142104063
4.370445899784823,64.54615653492488
3.052940124846995,82.26994270403601
7.532322999082221,39.65034470224192
9.286213842649907,22.47559528521311
4.7043760760340945,70.89144773086147
9.489241813574147,34.83140117076418
3.421871732026926,70.47956796588178
9.5410521876386,26.739654153976655
5.4613588106774404,54.622909051526776
3.7099457991445157,73.92247329606646
6.401102314304279,60.84857984122495
4.797435974043555,67.6809856014826
4.99411031373346,67.87618284600424
5.151029754484006,65.62412504306607
8.621181284828644,35.60533192658427
6.774128936726782,54.81879288724659
5.179153894092026,65.04056894501088
7.272336483176429,52.878064410366804
8.013054719562355,37.85045446165922
4.9083680051347365,54.647435296951016
5.894843710677461,61.19597897391204
3.853202653358633,72.96817333492788
4.268045446742763,66.64051558552465
7.76782497775488,40.779126287202786
4.270068433869389,80.87906744636035
6.676143685669421,46.92299734050507
7.9633238320570285,36.25313687623915
3.7481384616632067,72.4305014400558
6.971185537402325,53.83267289534638
4.795939485909546,75.56976423965637
9.74048812666306,30.532329088192768
6.384819527039474,45.95791046635118
8.641947848426106,45.30513761141466
6.851585795093833,48.72619974164877
3.3038877299837344,71.13376907215164
7.432059629158156,39.09085562320581
9.6598233954466,32.02965584970233
7.211282741024318,47.33101065293148
8.734322015987532,36.486224026849264
9.189445243438854,37.79391699337729
4.596558403642527,61.65621576046474
4.484313879357586,73.33614836080417
7.276866921956942,43.05121007575409
5.877199288646933,66.92155201104245
8.879029120067042,36.67368341411138
9.300161863786078,25.933234599852135
5.473949655119027,48.98641173811832
4.658093912821375,69.25198598609734
8.463678606707033,34.91145890488461
4.923642248836953,62.44607732094515
8.758300229595749,38.41272704261212
5.96616777554134,60.48905316139933
7.672849295040293,48.80784262960798
3.668747196842677,66.72286982719181
7.367015272736011,52.103126585214866
6.162373751160604,51.07623871928175
7.106259242228319,35.64006464202848
4.176099454214044,62.91531530657731
8.158116214609276,40.15481877251478
9.0395795428026,27.586720010815075
4.51717860063543,65.81967685708273
3.6700018886411323,74.27896715433573
3.1654701023243548,75.4492701232147
7.493800503102862,41.55488594785071
7.249658252621465,39.596745719267176
6.82688188899849,49.11778282853151
4.623629672811828,55.139998716799425
5.736341971338603,53.72362858079217
7.161334346303211,41.8710220432924
6.477368012014185,50.421798786309566
9.914498641504212,24.879120898541974
3.955078267897132,75.25817095944537
7.866011878333157,49.16389065147281
5.830231376730045,50.86343772714574
5.997397304479303,65.16788485996831
8.023184359607233,36.17605998699244
7.847053059270587,42.2507470296816
9.938791955915319,28.318631117302225
3.8987600261788766,83.10195842848546
3.7287675456891645,69.43735550348336
8.070371719901189,30.736392010075782
7.048708419044864,54.803075249035444
4.919124665918641,59.09078112033872
3.5559355829229062,71.63175572256218
3.5996077471750136,67.52475045224921
9.259336122648829,29.045847537520388
4.3430712730312,63.35839902034926
5.263600934808645,64.06686607813924
4.586594815588916,66.1453677596072
5.484974140823561,55.625881310241574
3.4859668992226536,78.94167464801039
6.633418536357892,51.72808073427038
3.473287945145504,64.82677625205594
8.60249555475653,40.344013309753606
4.635984573373031,66.29684278295316
6.780083402231574,56.3112775272899
9.160553612930208,32.19678839325969
7.556141583330359,39.602467500088295
6.730704505859347,48.70496354313395
5.270336271807629,64.65394548886063
5.331013391407385,56.32744875027175
7.686408686387331,40.38652801301601
9.958975528548173,24.50511638650855
7.63287432894565,37.2410173467374
6.904483921590174,44.64681485579105
8.114553571674723,40.252826128342605
6.256439285986027,59.28125171613872
3.4209963982054967,76.03333296948365
6.936077711145368,47.96314261867779
9.703376991537661,23.36634409925906
4.227120596503617,73.90222757403227
7.830034235744661,43.682759082317006
4.406535820613396,63.552673000111874
6.750793791311569,54.06962987596914
3.6767351475270376,75.33529738505563
6.152596553807296,49.97684234074829
8.293143302266722,37.54924603780316
5.433000669672874,56.95549821458033
7.654382071410526,55.994917609168496
8.568149725528105,38.660759990941294
9.490244736356168,30.048454103430334
4.642494572988175,67.68719359232716
5.795211410665157,63.60971902641957
4.066912093312922,69.20616799114912
9.947384515108627,22.750589396500857
9.489006775470067,33.345306654116364
6.779699911963917,48.48575665797562
8.89423306063495,28.216949101866206
6.646705840904295,44.03041813865554
7.365099816019318,52.63444268613958
3.623871024812116,73.59049218621712
8.286892943477655,35.154986119211195
3.8939943854466437,69.74296604598611
8.782473411767699,38.4384141653587
8.474196613692701,35.236770698838484
7.961212884200835,33.288322038648005
3.253122663673335,77.33069931297777
5.1218984916173005,67.78481221872649
4.8417879893759,69.54262029236416
5.520954852300633,55.96575718286299
3.61349922734687,79.35560255991345
9.55870476121744,29.668046163256257
6.876615684986634,54.84232453965445
5.138670174606165,64.48623577681313
5.778870619519984,49.2279759217287
6.13041778353385,62.94384836282826
7.204160333524321,46.44898227964094
6.609755993875485,53.51380840779041
9.43574381250092,22.801503697483735
6.478744380340812,54.13503505498781
9.94510610376319,31.23179265647397
8.959974704215671,42.75198426436413
4.459573600501351,73.69216642240208
9.514166502507415,31.707088825764927
3.814564785198333,63.78603626926221
8.722147959438342,35.513142609916414
5.664363054336061,54.72870211091435
9.145820243115487,32.86213839476629
9.076396830752152,26.124163208190875
8.641477800823349,34.40349263904412
8.53021305414943,33.699480020787576
5.1327539736862855,58.921158646167335
3.566434981358765,70.67009468128602
5.82086125135613,55.843046496637015
4.214671604905561,69.9503843946085
7.864657622317232,28.764151651942086
5.422698085764498,47.614150524225856
9.829271406019405,24.888899828450615
7.4868045414173245,43.09006725524764
8.757363945440527,35.534296454291
3.927672709192939,67.02472578057008
9.034101375908358,32.569035208946374
9.45930033359376,29.978392461735073
6.409433431732552,48.45331539775246
7.243770564256842,50.961481973685125
8.35366860632097,38.48898804451154
4.223870390822888,71.18550770991422
6.517962535244097,51.659699579018735
5.7906411944061915,67.26640785499904
4.024617945135744,72.92096116572908
5.57274095604072,55.93563505088935
3.4772061656984548,78.13258561453536
3.180683348646409,68.05454045725773
3.9461640240837594,71.12297194090864
9.741805781124217,28.83146378312646
6.846706751265119,49.51509002326023
9.760755128072539,25.42522987856509
6.027485148310924,49.917620225970616
5.182712931596817,57.3420975996746
6.542993039881709,51.63888549535788
6.076581820430371,49.04467374148463
3.739652789832207,80.91830026423222
7.485784202831444,30.882045283204704
4.512267277567197,64.67939394395792
7.337115684284807,45.748929622735666
7.551407646787074,46.1334780200481
4.064173971900537,65.06389689012241
3.429447389774677,80.05594913877434
8.465331102479078,29.800862101534864
6.218602966385241,50.72083034316854
3.4071465685383306,77.6547841670377
9.96406422018837,30.77649321508301
3.4044639269745662,67.55107732694809
7.865246602009872,54.477404285352804
9.885752476843894,21.673025416695015
4.674260729511479,58.525695402638796
3.9957455808103735,72.66820623789474
3.8496945759570025,69.50406129890108
5.122926032973169,59.255136567460355
3.707320677074527,75.28718028472841
7.845129391858923,33.766003085809565
3.436042586910439,65.82454175302924
6.5659548970485275,47.969885400396194
9.976877976970837,30.869349468808657
8.69779188654213,32.263424674993864
7.306536067617076,53.42117276547123
5.143775345506281,67.58474244896279
7.367270854041469,46.386474749654234
6.689290247381561,51.73439446512991
5.982583687232601,56.7243820088953
3.914972637181396,71.55653667372282
9.206229506683268,29.404826441036434
6.148492541749258,52.82420896309317
4.362357582745355,62.06650094709432
5.5743154561410275,47.313627293250576
5.898908267702489,61.45971760534981
8.79276526896812,35.11060992997737
8.135300663929815,39.26616597290973
8.38513425548938,39.361276155366
3.0772188510005307,72.87338373821726
5.913077987258331,50.828215798105404
6.369409061447265,51.00663589929477
3.1343459377613967,83.42916484741228
4.81869246121524,58.1641006749855
8.322028761854945,24.705056763926645
3.9597679401029935,67.81635362324207
6.747170920168141,55.316947425968486
4.5064131041206625,57.6775896581578
3.084845422507253,71.05698794605343
4.68841020319679,66.29865502146247
9.831116284370378,39.4181117806156
8.610759783180928,28.892710507524967
9.717036510247233,20.436000654023438
6.414978307484537,53.77818146109803
3.7681533907425244,77.87795523450576
6.8357164228158505,45.82158256232089
6.180641341919726,45.72804875185322
8.910499579177312,35.61367256558435
3.6865780654897122,75.53809949050586
6.417687959152447,60.95772608517614
4.05034065285789,73.03158111018165
5.27273148823042,64.75678865880936
8.161499541714598,37.728696553296295
6.332126905581365,64.91105217920385
5.631217996020386,55.94810981814048
5.761333949990247,53.907335935475885
6.2161273788419065,62.61753875122855
8.495115806859399,29.176360438048164
9.244592822581641,21.71244641116394
9.687342805527498,28.240246519900513
8.508323703787067,36.44021065093377
5.207848270236089,59.961649708512205
7.816942942605795,46.582662986307305
6.0632218683877435,50.17102830060059
4.782694354322358,64.59752161668341
8.88610105598146,31.826636256036952
3.268984442736275,71.12692638068722
9.312333944947966,30.13431006835488
6.2303422523731395,57.72676821322365
7.460410337657963,54.8788989487434
7.6154774554404785,46.01491254340587
9.265824184945755,18.23673020012447
7.456687775170451,44.11316280483354
7.297535093320432,45.74163415246007
3.46656428392483,78.7882835036519
6.628856153616429,51.411226236818514
4.051183005719292,76.00599836027867
8.162036381050399,40.99376554394935
6.5855534456887215,58.604605400311186
7.761594454458473,39.83269831157176
3.2917103042166898,76.13499024907242
3.5935441123206227,77.29199742432827
8.014263716438776,37.27819847204493
3.5045903519907133,69.87314685137973
3.49879709435681,70.71972186394801
3.084759326644212,73.21297095438415
9.695509788096361,30.19426996925712
8.16255851621305,29.857472340618273
5.472759859514449,51.342538947287935
5.075749069013586,71.40150884837975
5.447922608220947,55.68242201790551
8.422574718268272,38.08945125658831
7.629594277492901,35.56664295210755
4.2963689750722756,68.3798108804425
4.21876534733859,64.89379992618252
3.688769547993781,64.63207620267258
7.622119037909367,49.75281193496507
8.350608635552152,43.53974092066231
4.855324998275028,63.197412952139416
3.14661472721639,81.49412849946626
3.5752016723349915,82.81225812398444
9.775020243915213,30.757953662447836
5.068113442341942,64.54320776678138
8.384562034866935,38.36805310321998
7.372644981979846,48.179089750561424
5.673577477570271,55.802827803161456
4.439810835368886,65.45460185592536
3.849704927115845,73.49990812710071
7.305090776272066,43.06686028705269
8.422436464464516,35.261411294021535
7.507329774787915,43.9265369549838
6.712114932744108,55.618328808708256
3.2936585640214537,69.73540203428036
9.779421443160686,30.750592692409647
8.590999341582023,39.79034731234253
5.049754256906754,66.2109991302445
9.859792305511954,22.32065528678102
7.213171127454254,37.65935074532011
7.076958607450726,49.93867151138901
8.236512256006725,39.416824746207304
8.682388516630963,40.17063649763657
7.595350251320519,39.765469341351974
3.8966702245634,74.69524587369031
5.367872541961489,65.17788305703488
9.496585482282349,28.590734376477183
4.572309282906963,67.93275986264396
5.605169166862593,60.04321832469574
6.0245381806093725,50.89365111085295
6.075834927861165,57.27333166957507
7.290577077461679,53.65708331584355
9.601530864212954,28.394435537909104
4.684848982827535,57.7028964002707
3.8505096341064267,67.80330800946795
4.382293429019561,58.370247939869884
9.208474301464886,37.670573558470394
7.520675688586442,47.646445660696635
5.001347524674121,60.13665647332243
8.71162857278032,27.840051359539427
9.029589974544052,28.388931396584667
8.925600370831946,30.1407494945675
9.432485735476881,30.09310034542764
4.765687141213531,64.78251445053776
8.285293501223947,44.821929608353486
6.22377648091898,50.049056535844336
8.893989870230431,26.027302934286027
8.099434740131294,33.718109676806044
8.435132125498072,36.88045785715342
7.593132863767501,39.64132544941747
4.2420013862879475,66.85523390674975
6.8151884322785685,46.82523766338674
9.892688176671557,31.05987077249246
9.561716465479833,25.645972577675977
3.3022161505790817,73.44809135224145
4.153703710106059,72.56121517409518
3.9221014141819333,67.87979159788128
8.081859369897067,41.75033939909192
8.724497308998615,36.49165700276206
4.494579564174703,67.13752717400257
6.540968850662803,45.471648249641134
8.8849211960784,39.78484985339386
8.129610813363755,50.3810273013047
6.795660438442938,49.285406435567644
7.13243383321141,41.494034431830926
6.55852382841396,51.15802054780631
5.082839159231744,66.98411917491117
6.955153950013113,44.974024644946816
7.822197114350635,40.9292733664244
9.113260411025653,33.63371841454588
7.454039477854737,50.33888338425869
8.327850759302105,41.67401604692103
4.120501444682011,73.30713434634438
6.2309023209385295,51.32826310083397
3.065321338789653,79.11383171449258
4.726752051651362,61.08471843480869
8.085232005791035,43.836716842736585
9.942669659445544,31.491450697153645
3.6942466971105112,75.17343114179731
5.810460211029017,54.76295549391615
8.600496780894115,34.74179051359951
4.428249442402292,75.9567176105719
6.8855946451160035,46.815969172146346
8.131499072207724,44.513475209493485
7.311898151821254,47.07979639116953
4.316173142307913,66.09058430172283
5.487691980800176,52.28761165072759
8.486542491397781,37.669585284254886
6.879585598924116,49.069909015437396
3.036607294800389,86.35138371487014
8.326935320196657,33.5027715812441
3.2471794845816735,87.2197293168825
8.220136479118626,40.495498839615095
4.417363921156662,68.89458973943206
9.706514360835662,24.533903386954467
5.575585259114591,59.927888255362085
5.2885213143665535,62.86377418411573
4.042216352327113,74.49416473532463
5.139229508431504,56.722011764292496
9.136555332797403,38.79035556848476
9.97434036339073,27.305872553065473
5.5781667135479385,61.37621957157282
6.140274416681798,53.03182035160326
8.054496567419159,35.19794494448561
9.20337046325552,31.6210130797046
7.151310339307489,47.521292517080695
5.740679887244806,50.194076312429665
5.888352885940366,59.98463275446238
7.869327025477648,46.20436565114742
3.0225278452299507,73.77555068000333
7.337125362218885,40.08398238857511
5.488451073089502,57.4903800259719
8.55938131893959,36.18700480053723
3.650934478761925,71.409269612867
7.117415868638734,46.53339311372944
6.366810229202866,53.551859278466765
7.496278681336592,37.166802720468404
3.4539751613807783,67.93479208134566
7.059886511996919,33.65629681552052
6.930392115716666,52.94764239853889
6.924620660913197,48.35416000836973
7.224413666175184,51.27804073835974
7.735275560584536,36.53432128946665
8.634922997765388,35.62532357716302
4.888745040897501,64.55869556563907
8.775345871260434,31.64551574271512
6.487789775844176,43.77370091242948
3.539407953940318,82.29250490089842
3.4098565047078546,81.52722180754958
5.339668230872426,58.2068272152301
8.494278839780273,39.104936605214796
7.95376654318641,38.16708615659902
8.520304752706846,31.38238536614533
6.6208833950912656,59.683033066169656
6.081392985688434,46.29948952524935
4.032167686943987,68.45506615129135
5.297349275265181,60.85420011066808
6.038135563217127,63.155618904122015
3.6202030077573206,77.4426100927916
4.544283668978479,57.696194811126844
7.187577058446172,46.30017704988387
8.14964179967433,39.23329213609968
9.988432579750647,24.25184445736553
9.531793319404905,31.903351099533424
7.497956396746341,36.950081438383094
5.9487363730585034,53.52400460538107
7.453241552957629,46.72369779389588
8.499561326561624,39.91222039836845
3.828353336463711,72.1520297647754
5.869334227874018,54.71830053163515
8.87861599944932,33.083367682234794
5.686830663531309,61.22546854052076
7.003105898590306,47.86130010563458
7.114385526035387,41.65137904724832
4.291333771935475,61.77931099620398
5.535648091566019,51.20447175379742
5.341579021193525,67.38012042609897
3.1833769597244537,80.25975486994622
3.169342347239487,75.79483481648296
8.821879305730414,31.837894240690616
4.911495669809687,60.44498203154536
6.626551363671708,55.97057539852542
5.091079015121411,71.49544016912152
9.584754715807383,25.381757103092923
4.815077312060416,69.72688600523297
6.007597689172545,55.267596715502606
9.109111753392213,30.899290595072603
8.89353496754266,41.09271141867535
4.302709924923941,67.8109985671392
8.618503168569973,37.10775348306601
6.207308207165249,54.877206742469156
6.380782104597486,44.212114017585435
3.9343598069116066,72.05519545022473
3.5642105962998727,70.56443005816301
8.095575148816357,32.42606474480069
6.475228066487098,49.048981507684154
6.057954918306256,52.12445522259887
8.106557600566777,44.59921206341752
8.358590292937768,32.248346919695464
4.112357173685475,65.33438919622556
7.271576046343489,46.863457057853864
3.9474785759437987,63.88618300643991
8.25962560220332,35.01145683001368
7.5986860938699765,34.920853441265905
9.696302347584206,32.17559781108459
3.482706114494948,72.47985489761345
3.3993830480587803,74.52944512375062
4.975309522852401,67.41803972413507
4.831939786151342,60.29751333488061
4.7288515935039985,63.11891794773756
9.343782063647257,24.926975485564956
4.7468233989465425,59.25209782358965
4.903648082900417,58.77033347571624
8.315787836925747,35.42454684964674
6.14817889715378,52.15351315958266
8.436973898686269,38.42498615240692
3.457563102950697,69.71838611439378
6.41299835571369,53.69764182337188
3.2352952012829785,78.25965993266301
3.4385724241874818,71.9772067595128
9.345062173410877,26.17543111352297
3.974717597823166,70.73709096678131
6.72694477592652,48.73993539433652
5.877669218204946,57.19976424938043
5.431403283811899,67.28062536962031
9.298833419810908,30.887535019421538
3.1527637774284267,73.25495151240605
7.646527803229124,38.4314456279989
9.743761039494853,22.96004979125517
6.921177284232893,40.98991293641819
9.557757234231643,33.27409168707754
3.3658051550021666,63.69344315274122
5.93155323351913,58.13605404754609
4.821104536734358,59.64946980114608
8.115746754865109,36.81913686919563
9.869079633480727,21.795079267393042
4.795710437109735,71.40878843631126
7.579222210318521,43.47019644753237
4.386683429318181,71.18649763970993
6.95731178200127,54.53647985133022
6.247527406818353,54.15245572606618
9.80403730742076,20.792718383871616
7.259690908875266,44.6720755004751
5.446544604607731,55.60695825862596
3.798670494215534,69.10912123842644
4.058727801144542,69.21108057247928
4.577218509658646,65.1406657151293
4.756766629382086,66.53089339756608
8.954312404887965,35.90419738577228
6.928559517977675,47.577878572351956
6.663736379620565,52.24398891634659
3.8033821030845223,68.84465041702485
9.020977853446045,39.19363171497983
8.059700122459386,36.972234851773514
3.473678533300011,80.04003251258848
7.954845680608381,33.202643693029195
6.804767521398523,47.271206046092985
3.5720774202274477,71.66423975113301
6.208104490700595,55.02484838185399
6.392874009910329,56.55887696278189
4.16042178114293,62.67764205621172
9.619887029001976,22.606393202523883
8.949827600364634,26.141633867829583
7.683156361303758,49.213225482139435
6.236068927004251,54.90903973765626
5.882358791091559,50.64112129763021
7.556814270056679,41.34051539331333
6.818023085848338,54.98303970386568
3.435911741173199,72.94559492563538
6.587518541392322,49.10999650120488
8.644825320629877,31.522840059642963
6.2146791431787065,48.45581987651977
3.363696042879879,80.79220986427777
8.503947395688233,44.85108910969293
4.409546474951821,62.13786236419363
4.810345844216272,71.09486073657942
4.1529444740260715,66.54352113859574
5.311505454100483,62.995084396909455
8.297260539820446,45.07645351663131
6.635701016527562,49.7106655042346
4.434168919054988,65.2402126893252
9.144810547064285,35.700195548633715
9.157072984660704,26.053434885846016
9.094048975322048,37.809250337576046
4.671573479670775,65.82072659124401
6.158675409266917,51.11033683424988
9.894927592986125,23.071113645510923
8.404087334169933,30.3101520086509
3.190171948578919,73.49083114076136
3.4564321388234442,72.86272953963311
6.247519637686329,48.029018727269104
9.364541441030921,29.826232865783716
6.770912585669,51.79069996760857
6.484687556240031,50.49665059154022
3.7383158996964143,75.39107693393399
7.597460733070058,39.21668977382281
8.754722124201578,39.62538671188603
5.662940052552936,58.31095227375347
8.429282956477293,44.765557096918904
9.75133657730568,39.23556064733094
4.426365213893824,64.58699243816368
6.663307418363189,48.084528975795905
5.009965706592029,61.34792055271794
8.549980933236876,39.11625473979405
7.043153561168102,54.02251857497278
7.442076922852126,41.148953452058805
8.585399117311258,37.77941625983319
5.771793308637184,56.20918614770937
9.405630478849304,32.837197466774825
6.731202070722979,57.270012222200535
4.105683759847436,68.13183084368973
7.871293827181617,32.857713543029476
8.55282945306778,39.835975462816144
5.217331739472687,56.866728775215805
9.000254798991271,32.058940331483704
9.343002783360365,34.149590334119196
4.938331411644663,64.6011624968686
9.884650309006554,25.66011551203037
3.984980696341309,67.35562922215883
4.41410967881743,52.53028160007149
4.289573874666183,71.45154817149087
9.257927970055093,29.585125801687653
7.580047866274733,50.94913277005739
4.06472998255591,71.62950767340405
6.082263928578443,51.864201747699624
7.307086175488614,50.75563087145169
3.584248594925683,78.9838676590529
9.17691457885137,30.359837449143704
8.625224748090746,41.54395021199585
6.536447415036468,48.400861783984645
9.769886306814193,27.824159690387816
5.924326854925698,58.606547789066916
9.888772233255484,30.061835727032772
7.67543999162539,45.777549514508905
7.44269891277759,42.74506414918575
4.161684267070495,74.38367640596717
9.173494308132508,30.85840688702121
5.992427815444306,52.3957034592261
4.135633840477356,66.33807646363789
3.0882526398303134,86.63289844045431
6.918289785468678,44.61539488683328
6.691797354858734,56.47522499821531
8.03547535658411,34.303399528690505
9.231806371124616,33.484521227455026
3.5558460925012065,74.9257843124862
8.120475432382538,47.451977494162406
4.311883608683075,64.52129682344925
9.007239372100148,28.069028149400268
8.733444597031593,34.184848943880965
6.785556284898811,57.64074570732727
7.971699590363181,36.03630007284415
5.200450792286238,48.21426033686804
6.298175292529702,53.25596397766657
8.751458283973301,39.38046603809892
6.214856380212497,48.510427948243915
5.504587857278093,63.12431751404098
6.459487130752099,46.572685542454
8.797744767060529,33.55433177009195
5.346456331596109,63.829197881706264
4.2163311519502065,62.569687958465465
7.9840981423154656,41.272050794324855
8.781847488956572,40.480733328533816
3.704462349664733,74.6999801590542
4.679118789291613,61.44719126236057
3.9938039283269573,77.76272630114717
5.435589881075167,62.69198485383116
6.152456852337888,44.743297558246816
8.241784358743146,42.76097005241292
7.558033094171719,40.690014754591445
7.346499972349018,46.109705229971496
5.466624626267581,64.20823491474339
8.89013287159332,30.849028310289516
6.2990101717871525,44.72292576828764
9.85373456610608,33.92736013806273
7.438994968070158,50.25893323193026
3.8838531909515193,70.55410802164845
7.733242934528038,46.50530079219328
5.275728108021893,58.74714200510235
7.804290376802682,42.192370722486736
3.48748803713684,73.22951323676043
4.224170060231716,66.80374348916418
8.990160812340505,34.64642679418714
4.590256899164604,59.6731623416335
8.85928787670058,32.569537181390075
4.954932619180873,64.56258641755592
7.500173370410954,53.16956040567544
7.859054014568817,35.46080346601717
6.58858327201537,53.39074970083481
5.137174736877119,64.77971436166735
4.488510634597673,57.09043479908212
3.2323254819369835,77.90949523148763
5.127624808685066,66.10172702344313
7.572139533718981,46.384784376187014
9.56813372913938,28.113232358441984
9.098431375841365,33.707410226282065
8.362453435747117,38.38766356631048
8.519131402773091,27.920880776424028
7.654894324331967,43.790003368990966
4.822008002962021,62.14768905658494
9.350365214940808,26.635333184518913
7.695126183340839,54.94774823483996
6.923084416863079,54.55257815020794
3.7769262844943676,66.03819547676444
6.129388806644978,55.951020381222506
6.222507898413484,60.81243260824234
9.05194526665869,24.907432337518085
6.8265375413145195,49.39555152597168
5.662803842792868,58.32325976318836
9.837602299574616,20.147666285432173
3.7750441532842096,73.70086547849397
5.957838998183613,61.08042600638424
3.294172726199837,82.93511833459556
8.179328845368513,37.65942958877245
9.426535865394055,42.09872880983782
4.960261306853426,52.660553793664164
9.008391737593847,34.49482544033682
5.0455276132332845,55.25203749632101
9.375391131507406,30.423431488131367
8.277733325177488,35.561705101267584
8.63434743789007,38.041973183012985
3.1260458892031817,76.01626430809763
9.739672499518182,23.121675533872704
8.086696944492264,35.796689558737384
5.133257667702933,71.32052567838087
8.805762654011929,36.44485524670621
4.970648388904509,54.36215993700566
9.109276876962895,34.71414056496396
3.788062732883559,70.73249114378014
7.92580184222557,40.82292133511047
6.7848893365143725,53.42115895954747
3.6757412913680856,78.46097134238309
4.693256797811873,60.650657075606524
3.0868282539412037,76.79488735847994
6.28137575825154,50.35205031042267
5.108856825320003,64.82479597725226
7.188502390084311,45.14549421933137
5.08066465396032,62.197317873193576
5.0994337805488925,60.55948468721282
8.202352391121224,38.20368306132977
3.336999851848474,83.59824733894916
9.32026496634391,42.338102241554814
8.965847120738271,34.91698028907548
7.674632782584846,42.1761206478729
7.15255099075169,38.59736418252695
9.246117486977566,27.13600917967283
4.297311256701001,67.26847119118945
3.5527841353358003,69.8879215869317
4.676571189366767,62.01984648948752
8.56204795090133,43.92455884797661
3.2426918670853833,75.92335972827766
7.079647845584427,47.71114241645831
9.96806261333917,22.17473244574856
8.989872656862776,38.739789833404146
6.650119823305126,49.265457145094295
3.4454863650064964,71.66035714362322
8.819614600699968,26.220018310502383
7.192849557240474,45.969036882632494
3.8045309794169677,68.8225783964221
